INSERT INTO distritos (id_distrito, nome, ativo) VALUES
(1, 'Aveiro', 1),
(2, 'Beja', 1),
(3, 'Braga', 1),
(4, 'Bragança', 1),
(5, 'Castelo Branco', 1),
(6, 'Coimbra', 1),
(7, 'Évora', 1),
(8, 'Faro', 1),
(9, 'Guarda', 1),
(10, 'Leiria', 1),
(11, 'Lisboa', 1),
(12, 'Portalegre', 1),
(13, 'Porto', 1),
(14, 'Santarém', 1),
(15, 'Setúbal', 1),
(16, 'Viana do Castelo', 1),
(17, 'Vila Real', 1),
(18, 'Viseu', 1),
(19, 'Angra do Heroísmo', 1),
(20, 'Horta', 1),
(21, 'Ponta Delgada', 1),
(22, 'Funchal', 1);

-- --------------------------------------------------------

--
-- Estrutura da tabela `freguesias`
--
INSERT INTO concelhos (id_concelho, nome, id_distrito, ativo) VALUES
(1, 'Águeda', 1, 1),
(2, 'Albergaria-A-Velha', 1, 1),
(3, 'Anadia', 1, 1),
(4, 'Arouca', 1, 1),
(5, 'Aveiro', 1, 1),
(6, 'Castelo de Paiva', 1, 1),
(7, 'Espinho', 1, 1),
(8, 'Estarreja', 1, 1),
(9, 'Santa Maria da Feira', 1, 1),
(10, 'Ílhavo', 1, 1),
(11, 'Mealhada', 1, 1),
(12, 'Murtosa', 1, 1),
(13, 'Oliveira de Azemeis', 1, 1),
(14, 'Oliveira do Bairro', 1, 1),
(15, 'Ovar', 1, 1),
(16, 'S. João da Madeira', 1, 1),
(17, 'Sever do Vouga', 1, 1),
(18, 'Vagos', 1, 1),
(19, 'Vale de Cambra', 1, 1),
(20, 'Aljustrel', 2, 1),
(21, 'Almodovar', 2, 1),
(22, 'Alvito', 2, 1),
(23, 'Barrancos', 2, 1),
(24, 'Beja', 2, 1),
(25, 'Castro Verde', 2, 1),
(26, 'Cuba', 2, 1),
(27, 'Ferreira do Alentejo', 2, 1),
(28, 'Mértola', 2, 1),
(29, 'Moura', 2, 1),
(30, 'Odemira', 2, 1),
(31, 'Ourique', 2, 1),
(32, 'Serpa', 2, 1),
(33, 'Vidigueira', 2, 1),
(34, 'Amares', 3, 1),
(35, 'Barcelos', 3, 1),
(36, 'Braga', 3, 1),
(37, 'Cabeceiras de Basto', 3, 1),
(38, 'Celorico de Basto', 3, 1),
(39, 'Esposende', 3, 1),
(40, 'Fafe', 3, 1),
(41, 'Guimarães', 3, 1),
(42, 'Povoa de Lanhoso', 3, 1),
(43, 'Terras de Bouro', 3, 1),
(44, 'Vieira do Minho', 3, 1),
(45, 'Vila Nova de Famalicão', 3, 1),
(46, 'Vila Verde', 3, 1),
(47, 'Vizela', 3, 1),
(48, 'Alfândega da Fé', 4, 1),
(49, 'Bragança', 4, 1),
(50, 'Carrazeda de Ansiães', 4, 1),
(51, 'Freixo de Espada à Cinta', 4, 1),
(52, 'Macedo de Cavaleiros', 4, 1),
(53, 'Miranda do Douro', 4, 1),
(54, 'Mirandela', 4, 1),
(55, 'Mogadouro', 4, 1),
(56, 'Torre de Moncorvo', 4, 1),
(57, 'Vila Flor', 4, 1),
(58, 'Vimioso', 4, 1),
(59, 'Vinhais', 4, 1),
(60, 'Belmonte', 5, 1),
(61, 'Castelo Branco', 5, 1),
(62, 'Covilhã', 5, 1),
(63, 'Fundão', 5, 1),
(64, 'Idanha-A-Nova', 5, 1),
(65, 'Oleiros', 5, 1),
(66, 'Penamacor', 5, 1),
(67, 'Proença-a-Nova', 5, 1),
(68, 'Sertã', 5, 1),
(69, 'Vila de Rei', 5, 1),
(70, 'Vila Velha de Rodão', 5, 1),
(71, 'Arganil', 6, 1),
(72, 'Cantanhede', 6, 1),
(73, 'Coimbra', 6, 1),
(74, 'Condeixa-A-Nova', 6, 1),
(75, 'Figueira da Foz', 6, 1),
(76, 'Gois', 6, 1),
(77, 'Lousã', 6, 1),
(78, 'Mira', 6, 1),
(79, 'Miranda do Corvo', 6, 1),
(80, 'Montemor-O-Velho', 6, 1),
(81, 'Oliveira do Hospital', 6, 1),
(82, 'Pampilhosa da Serra', 6, 1),
(83, 'Penacova', 6, 1),
(84, 'Penela', 6, 1),
(85, 'Soure', 6, 1),
(86, 'Tabua', 6, 1),
(87, 'Vila Nova de Poiares', 6, 1),
(88, 'Alandroal', 7, 1),
(89, 'Arraiolos', 7, 1),
(90, 'Borba', 7, 1),
(91, 'Estremoz', 7, 1),
(92, 'Évora', 7, 1),
(93, 'Montemor-O-Novo', 7, 1),
(94, 'Mora', 7, 1),
(95, 'Mourão', 7, 1),
(96, 'Portel', 7, 1),
(97, 'Redondo', 7, 1),
(98, 'Reguengos de Monsaraz', 7, 1),
(99, 'Vendas Novas', 7, 1),
(100, 'Viana do Alentejo', 7, 1),
(101, 'Vila Viçosa', 7, 1),
(102, 'Albufeira', 8, 1),
(103, 'Alcoutim', 8, 1),
(104, 'Aljezur', 8, 1),
(105, 'Castro Marim', 8, 1),
(106, 'Faro', 8, 1),
(107, 'Lagoa (algarve)', 8, 1),
(108, 'Lagos', 8, 1),
(109, 'Loulé', 8, 1),
(110, 'Monchique', 8, 1),
(111, 'Olhão', 8, 1),
(112, 'Portimão', 8, 1),
(113, 'S. Bras de Alportel', 8, 1),
(114, 'Silves', 8, 1),
(115, 'Tavira', 8, 1),
(116, 'Vila do Bispo', 8, 1),
(117, 'Vila Real de Santo Antonio', 8, 1),
(118, 'Aguiar da Beira', 9, 1),
(119, 'Almeida', 9, 1),
(120, 'Celorico da Beira', 9, 1),
(121, 'Figueira de Castelo Rodrigo', 9, 1),
(122, 'Fornos de Algodres', 9, 1),
(123, 'Gouveia', 9, 1),
(124, 'Guarda', 9, 1),
(125, 'Manteigas', 9, 1),
(126, 'Mêda', 9, 1),
(127, 'Pinhel', 9, 1),
(128, 'Sabugal', 9, 1),
(129, 'Seia', 9, 1),
(130, 'Trancoso', 9, 1),
(131, 'Vila Nova de Foz Côa', 9, 1),
(132, 'Alcobaça', 10, 1),
(133, 'Alvaiazere', 10, 1),
(134, 'Ansião', 10, 1),
(135, 'Batalha', 10, 1),
(136, 'Bombarral', 10, 1),
(137, 'Caldas da Rainha', 10, 1),
(138, 'Castanheira de Pera', 10, 1),
(139, 'Figueiro dos Vinhos', 10, 1),
(140, 'Leiria', 10, 1),
(141, 'Marinha Grande', 10, 1),
(142, 'Nazare', 10, 1),
(143, 'Óbidos', 10, 1),
(144, 'Pedrogão Grande', 10, 1),
(145, 'Peniche', 10, 1),
(146, 'Pombal', 10, 1),
(147, 'Porto de Mos', 10, 1),
(148, 'Alenquer', 11, 1),
(149, 'Arruda dos Vinhos', 11, 1),
(150, 'Azambuja', 11, 1),
(151, 'Cadaval', 11, 1),
(152, 'Cascais', 11, 1),
(153, 'Lisboa', 11, 1),
(154, 'Loures', 11, 1),
(155, 'Lourinhã', 11, 1),
(156, 'Mafra', 11, 1),
(157, 'Oeiras', 11, 1),
(158, 'Sintra', 11, 1),
(159, 'Sobral de Monte Agraço', 11, 1),
(160, 'Torres Vedras', 11, 1),
(161, 'Vila Franca de Xira', 11, 1),
(162, 'Amadora', 11, 1),
(163, 'Odivelas', 11, 1),
(164, 'Alter do Chão', 12, 1),
(165, 'Arronches', 12, 1),
(166, 'Avis', 12, 1),
(167, 'Campo Maior', 12, 1),
(168, 'Castelo de Vide', 12, 1),
(169, 'Crato', 12, 1),
(170, 'Elvas', 12, 1),
(171, 'Fronteira', 12, 1),
(172, 'Gavião', 12, 1),
(173, 'Marvão', 12, 1),
(174, 'Monforte', 12, 1),
(175, 'Nisa', 12, 1),
(176, 'Ponte de Sor', 12, 1),
(177, 'Portalegre', 12, 1),
(178, 'Sousel', 12, 1),
(179, 'Amarante', 13, 1),
(180, 'Baião', 13, 1),
(181, 'Felgueiras', 13, 1),
(182, 'Gondomar', 13, 1),
(183, 'Lousada', 13, 1),
(184, 'Maia', 13, 1),
(185, 'Marco de Canaveses', 13, 1),
(186, 'Matosinhos', 13, 1),
(187, 'Paços de Ferreira', 13, 1),
(188, 'Paredes', 13, 1),
(189, 'Penafiel', 13, 1),
(190, 'Porto', 13, 1),
(191, 'Póvoa de Varzim', 13, 1),
(192, 'Santo Tirso', 13, 1),
(193, 'Valongo', 13, 1),
(194, 'Vila do Conde', 13, 1),
(195, 'Vila Nova de Gaia', 13, 1),
(196, 'Trofa', 13, 1),
(197, 'Abrantes', 14, 1),
(198, 'Alcanena', 14, 1),
(199, 'Almeirim', 14, 1),
(200, 'Alpiarça', 14, 1),
(201, 'Benavente', 14, 1),
(202, 'Cartaxo', 14, 1),
(203, 'Chamusca', 14, 1),
(204, 'Constancia', 14, 1),
(205, 'Coruche', 14, 1),
(206, 'Entroncamento', 14, 1),
(207, 'Ferreira do Zezere', 14, 1),
(208, 'Golegã', 14, 1),
(209, 'Mação', 14, 1),
(210, 'Rio Maior', 14, 1),
(211, 'Salvaterra de Magos', 14, 1),
(212, 'Santarem', 14, 1),
(213, 'Sardoal', 14, 1),
(214, 'Tomar', 14, 1),
(215, 'Torres Novas', 14, 1),
(216, 'Vila Nova da Barquinha', 14, 1),
(217, 'Ourém', 14, 1),
(218, 'Alcácer do Sal', 15, 1),
(219, 'Alcochete', 15, 1),
(220, 'Almada', 15, 1),
(221, 'Barreiro', 15, 1),
(222, 'Grandola', 15, 1),
(223, 'Moita', 15, 1),
(224, 'Montijo', 15, 1),
(225, 'Palmela', 15, 1),
(226, 'Santiago do Cacem', 15, 1),
(227, 'Seixal', 15, 1),
(228, 'Sesimbra', 15, 1),
(229, 'Setúbal', 15, 1),
(230, 'Sines', 15, 1),
(231, 'Arcos de Valdevez', 16, 1),
(232, 'Caminha', 16, 1),
(233, 'Melgaço', 16, 1),
(234, 'Monção', 16, 1),
(235, 'Paredes de Coura', 16, 1),
(236, 'Ponte da Barca', 16, 1),
(237, 'Ponte de Lima', 16, 1),
(238, 'Valença', 16, 1),
(239, 'Viana do Castelo', 16, 1),
(240, 'Vila Nova de Cerveira', 16, 1),
(241, 'Alijó', 17, 1),
(242, 'Boticas', 17, 1),
(243, 'Chaves', 17, 1),
(244, 'Mesão Frio', 17, 1),
(245, 'Mondim de Basto', 17, 1),
(246, 'Montalegre', 17, 1),
(247, 'Murça', 17, 1),
(248, 'Peso da Régua', 17, 1),
(249, 'Ribeira de Pena', 17, 1),
(250, 'Sabrosa', 17, 1),
(251, 'Santa Marta de Penaguião', 17, 1),
(252, 'Valpaços', 17, 1),
(253, 'Vila Pouca de Aguiar', 17, 1),
(254, 'Vila Real', 17, 1),
(255, 'Armamar', 18, 1),
(256, 'Carregal do Sal', 18, 1),
(257, 'Castro Daire', 18, 1),
(258, 'Cinfães', 18, 1),
(259, 'Lamego', 18, 1),
(260, 'Mangualde', 18, 1),
(261, 'Moimenta da Beira', 18, 1),
(262, 'Mortagua', 18, 1),
(263, 'Nelas', 18, 1),
(264, 'Oliveira de Frades', 18, 1),
(265, 'Penalva do Castelo', 18, 1),
(266, 'Penedono', 18, 1),
(267, 'Resende', 18, 1),
(268, 'Santa Comba Dão', 18, 1),
(269, 'S. João da Pesqueira', 18, 1),
(270, 'S. Pedro do Sul', 18, 1),
(271, 'Sátão', 18, 1),
(272, 'Sernancelhe', 18, 1),
(273, 'Tabuaço', 18, 1),
(274, 'Tarouca', 18, 1),
(275, 'Tondela', 18, 1),
(276, 'Vila Nova de Paiva', 18, 1),
(277, 'Viseu', 18, 1),
(278, 'Vouzela', 18, 1),
(279, 'Angra do Heroismo', 19, 1),
(280, 'Calheta (açores)', 19, 1),
(281, 'Santa Cruz da Graciosa', 19, 1),
(282, 'Velas', 19, 1),
(283, 'Vila Praia da Vitoria', 19, 1),
(284, 'Corvo', 20, 1),
(285, 'Horta', 20, 1),
(286, 'Lajes das Flores', 20, 1),
(287, 'Lajes do Pico', 20, 1),
(288, 'Madalena', 20, 1),
(289, 'Santa Cruz das Flores', 20, 1),
(290, 'S. Roque do Pico', 20, 1),
(291, 'Lagoa (açores)', 21, 1),
(292, 'Nordeste', 21, 1),
(293, 'Ponta Delgada', 21, 1),
(294, 'Povoação', 21, 1),
(295, 'Ribeira Grande', 21, 1),
(296, 'Vila Franca do Campo', 21, 1),
(297, 'Vila do Porto', 21, 1),
(298, 'Calheta (madeira)', 22, 1),
(299, 'Câmara de Lobos', 22, 1),
(300, 'Funchal', 22, 1),
(301, 'Machico', 22, 1),
(302, 'Ponta do Sol', 22, 1),
(303, 'Porto Moniz', 22, 1),
(304, 'Porto Santo', 22, 1),
(305, 'Ribeira Brava', 22, 1),
(306, 'Santa Cruz', 22, 1),
(307, 'Santana', 22, 1),
(308, 'S. Vicente', 22, 1);

INSERT INTO freguesias (id_freguesia, nome, id_concelho, ativo) VALUES
(1, 'Aguada de Cima', 1, 1),
(2, 'Fermentelos', 1, 1),
(3, 'Macinhata do Vouga', 1, 1),
(4, 'Valongo do Vouga', 1, 1),
(5, 'União das Freguesias de Águeda E Borralha', 1, 1),
(6, 'União das Freguesias de Barrô E Aguada de Baixo', 1, 1),
(7, 'União das Freguesias de Belazaima do Chão, Castanheira do Vouga E Agadão', 1, 1),
(8, 'União das Freguesias de Recardães E Espinhel', 1, 1),
(9, 'União das Freguesias de Travassô E Óis da Ribeira', 1, 1),
(10, 'União das Freguesias de Trofa, Segadães E Lamas do Vouga', 1, 1),
(11, 'União das Freguesias do Préstimo E Macieira de Alcoba', 1, 1),
(12, 'Alquerubim', 2, 1),
(13, 'Angeja', 2, 1),
(14, 'Branca', 2, 1),
(15, 'Ribeira de Fraguas', 2, 1),
(16, 'Albergaria-A-Velha E Valmaior', 2, 1),
(17, 'São João de Loure E Frossos', 2, 1),
(18, 'Avelãs de Caminho', 3, 1),
(19, 'Avelãs de Cima', 3, 1),
(20, 'Moita', 3, 1),
(21, 'Sangalhos', 3, 1),
(22, 'S. Lourenço do Bairro', 3, 1),
(23, 'Vila Nova de Monsarros', 3, 1),
(24, 'Vilarinho do Bairro', 3, 1),
(25, 'União das Freguesias de Amoreira da Gândara, Paredes do Bairro E Ancas', 3, 1),
(26, 'União das Freguesias de Arcos E Mogofores', 3, 1),
(27, 'União das Freguesias de Tamengos, Aguim E Óis do Bairro', 3, 1),
(28, 'Alvarenga', 4, 1),
(29, 'Chave', 4, 1),
(30, 'Escariz', 4, 1),
(31, 'Fermedo', 4, 1),
(32, 'Mansores', 4, 1),
(33, 'Moldes', 4, 1),
(34, 'Rossas', 4, 1),
(35, 'Santa Eulalia', 4, 1),
(36, 'S. Miguel do Mato', 4, 1),
(37, 'Tropeço', 4, 1),
(38, 'Urro', 4, 1),
(39, 'Varzea', 4, 1),
(40, 'União das Freguesias de Arouca E Burgo', 4, 1),
(41, 'União das Freguesias de Cabreiros E Albergaria da Serra', 4, 1),
(42, 'União das Freguesias de Canelas E Espiunca', 4, 1),
(43, 'União das Freguesias de Covelo de Paivó E Janarde', 4, 1),
(44, 'Aradas', 5, 1),
(45, 'Cacia', 5, 1),
(46, 'Esgueira', 5, 1),
(47, 'Oliveirinha', 5, 1),
(48, 'S. Bernardo', 5, 1),
(49, 'S. Jacinto', 5, 1),
(50, 'Santa Joana', 5, 1),
(51, 'Eixo E Eirol', 5, 1),
(52, 'Requeixo, Nossa Senhora de Fátima E Nariz', 5, 1),
(53, 'União das Freguesias de Glória E Vera Cruz', 5, 1),
(54, 'Fornos', 6, 1),
(55, 'Real', 6, 1),
(56, 'Santa Maria de Sardoura', 6, 1),
(57, 'S. Martinho de Sardoura', 6, 1),
(58, 'União das Freguesias de Raiva, Pedorido E Paraíso', 6, 1),
(59, 'União das Freguesias de Sobrado E Bairros', 6, 1),
(60, 'Espinho', 7, 1),
(61, 'Paramos', 7, 1),
(62, 'Silvalde', 7, 1),
(63, 'União das Freguesias de Anta E Guetim', 7, 1),
(64, 'Avanca', 8, 1),
(65, 'Pardilho', 8, 1),
(66, 'Salreu', 8, 1),
(67, 'União das Freguesias de Beduído E Veiros', 8, 1),
(68, 'União das Freguesias de Canelas E Fermelã', 8, 1),
(69, 'Argoncilhe', 9, 1),
(70, 'Arrifana', 9, 1),
(71, 'Escapães', 9, 1),
(72, 'Fiães', 9, 1),
(73, 'Fornos', 9, 1),
(74, 'Lourosa', 9, 1),
(75, 'Milheiros de Poiares', 9, 1),
(76, 'Mozelos', 9, 1),
(77, 'Nogueira da Regedoura', 9, 1),
(78, 'S. Paio de Oleiros', 9, 1),
(79, 'Paços de Brandão', 9, 1),
(80, 'Rio Meão', 9, 1),
(81, 'Romariz', 9, 1),
(82, 'Sanguedo', 9, 1),
(83, 'Santa Maria de Lamas', 9, 1),
(84, 'S. João de Ver', 9, 1),
(85, 'União das Freguesias de Caldas de São Jorge E Pigeiros', 9, 1),
(86, 'União das Freguesias de Canedo, Vale E Vila Maior', 9, 1),
(87, 'União das Freguesias de Lobão, Gião, Louredo E Guisande', 9, 1),
(88, 'União das Freguesias de Santa Maria da Feira, Travanca, Sanfins E Espargo', 9, 1),
(89, 'União das Freguesias de São Miguel do Souto E Mosteirô', 9, 1),
(90, 'Gafanha da Encarnação', 10, 1),
(91, 'Gafanha da Nazaré', 10, 1),
(92, 'Gafanha do Carmo', 10, 1),
(93, 'Ílhavo (são Salvador)', 10, 1),
(94, 'Barcouço', 11, 1),
(95, 'Casal Comba', 11, 1),
(96, 'Luso', 11, 1),
(97, 'Pampilhosa', 11, 1),
(98, 'Vacariça', 11, 1),
(99, 'União das Freguesias da Mealhada, Ventosa do Bairro E Antes', 11, 1),
(100, 'Bunheiro', 12, 1),
(101, 'Monte', 12, 1),
(102, 'Murtosa', 12, 1),
(103, 'Torreira', 12, 1),
(104, 'Carregosa', 13, 1),
(105, 'Cesar', 13, 1),
(106, 'Fajões', 13, 1),
(107, 'Loureiro', 13, 1),
(108, 'Macieira de Sarnes', 13, 1),
(109, 'Ossela', 13, 1),
(110, 'S. Martinho da Gandara', 13, 1),
(111, 'São Roque', 13, 1),
(112, 'Vila de Cucujães', 13, 1),
(113, 'União das Freguesias de Nogueira do Cravo E Pindelo', 13, 1),
(114, 'União das Freguesias de Oliveira de Azeméis, Santiago de Riba-Ul, Ul, Macinhata da Seixa E Madail', 13, 1),
(115, 'União das Freguesias de Pinheiro da Bemposta, Travanca E Palmaz', 13, 1),
(116, 'Oiã', 14, 1),
(117, 'Oliveira do Bairro', 14, 1),
(118, 'Palhaça', 14, 1),
(119, 'União das Freguesias de Bustos, Troviscal E Mamarrosa', 14, 1),
(120, 'Cortegaça', 15, 1),
(121, 'Esmoriz', 15, 1),
(122, 'Maceda', 15, 1),
(123, 'Valega', 15, 1),
(124, 'União das Freguesias de Ovar, São João, Arada E São Vicente de Pereira Jusã', 15, 1),
(125, 'S. João da Madeira', 16, 1),
(126, 'Couto de Esteves', 17, 1),
(127, 'Pessegueiro do Vouga', 17, 1),
(128, 'Rocas do Vouga', 17, 1),
(129, 'Sever do Vouga', 17, 1),
(130, 'Talhadas', 17, 1),
(131, 'União das Freguesias de Cedrim E Paradela', 17, 1),
(132, 'União das Freguesias de Silva Escura E Dornelas', 17, 1),
(133, 'Calvão', 18, 1),
(134, 'Gafanha da Boa Hora', 18, 1),
(135, 'Ouca', 18, 1),
(136, 'Soza', 18, 1),
(137, 'Santo Andre de Vagos', 18, 1),
(138, 'União das Freguesias de Fonte de Angeão E Covão do Lobo', 18, 1),
(139, 'União das Freguesias de Ponte de Vagos E Santa Catarina', 18, 1),
(140, 'União das Freguesias de Vagos E Santo António', 18, 1),
(141, 'Arões', 19, 1),
(142, 'São Pedro de Castelões', 19, 1),
(143, 'Cepelos', 19, 1),
(144, 'Junqueira', 19, 1),
(145, 'Macieira de Cambra', 19, 1),
(146, 'Roge', 19, 1),
(147, 'União das Freguesias de Vila Chã, Codal E Vila Cova de Perrinho', 19, 1),
(148, 'Ervidel', 20, 1),
(149, 'Messejana', 20, 1),
(150, 'S. João de Negrilhos', 20, 1),
(151, 'União das Freguesias de Aljustrel E Rio de Moinhos', 20, 1),
(152, 'Rosario', 21, 1),
(153, 'Santa Cruz', 21, 1),
(154, 'S. Barnabe', 21, 1),
(155, 'Aldeia dos Fernandes', 21, 1),
(156, 'União das Freguesias de Almodôvar E Graça dos Padrões', 21, 1),
(157, 'União das Freguesias de Santa Clara-A-Nova E Gomes Aires', 21, 1),
(158, 'Alvito', 22, 1),
(159, 'Vila Nova da Baronia', 22, 1),
(160, 'Barrancos', 23, 1),
(161, 'Baleizão', 24, 1),
(162, 'Beringel', 24, 1),
(163, 'Cabeça Gorda', 24, 1),
(164, 'Nossa Senhora das Neves', 24, 1),
(165, 'Santa Clara de Louredo', 24, 1),
(166, 'S. Matias', 24, 1),
(167, 'União das Freguesias de Albernoa E Trindade', 24, 1),
(168, 'União das Freguesias de Beja (salvador E Santa Maria da Feira)', 24, 1),
(169, 'União das Freguesias de Beja (santiago Maior E São João Baptista)', 24, 1),
(170, 'União das Freguesias de Salvada E Quintos', 24, 1),
(171, 'União das Freguesias de Santa Vitória E Mombeja', 24, 1),
(172, 'União das Freguesias de Trigaches E São Brissos', 24, 1),
(173, 'Entradas', 25, 1),
(174, 'Santa Barbara de Padrões', 25, 1),
(175, 'S. Marcos da Ataboeira', 25, 1),
(176, 'União das Freguesias de Castro Verde E Casével', 25, 1),
(177, 'Cuba', 26, 1),
(178, 'Faro do Alentejo', 26, 1),
(179, 'Vila Alva', 26, 1),
(180, 'Vila Ruiva', 26, 1),
(181, 'Figueira dos Cavaleiros', 27, 1),
(182, 'Odivelas', 27, 1),
(183, 'União das Freguesias de Alfundão E Peroguarda', 27, 1),
(184, 'União das Freguesias de Ferreira do Alentejo E Canhestros', 27, 1),
(185, 'Alcaria Ruiva', 28, 1),
(186, 'Corte do Pinto', 28, 1),
(187, 'Espirito Santo', 28, 1),
(188, 'Mértola', 28, 1),
(189, 'Santana de Cambas', 28, 1),
(190, 'S. João dos Caldeireiros', 28, 1),
(191, 'União das Freguesias de São Miguel do Pinheiro, São Pedro de Solis E São Sebastião dos Carros', 28, 1),
(192, 'Amareleja', 29, 1),
(193, 'Povoa de São Miguel', 29, 1),
(194, 'Sobral da Adiça', 29, 1),
(195, 'União das Freguesias de Moura (santo Agostinho E São João Baptista) E Santo Amador', 29, 1),
(196, 'União das Freguesias de Safara E Santo Aleixo da Restauração', 29, 1),
(197, 'Reliquias', 30, 1),
(198, 'Saboia', 30, 1),
(199, 'S. Luis', 30, 1),
(200, 'S. Martinho das Amoreiras', 30, 1),
(201, 'Vila Nova de Milfontes', 30, 1),
(202, 'Luzianes-Gare', 30, 1),
(203, 'Longueira/almograve', 30, 1),
(204, 'Boavista dos Pinheiros', 30, 1),
(205, 'Colos', 30, 1),
(206, 'Santa Clara-A-Velha', 30, 1),
(207, 'São Salvador E Santa Maria', 30, 1),
(208, 'São Teotónio', 30, 1),
(209, 'Vale de Santiago', 30, 1),
(210, 'Ourique', 31, 1),
(211, 'Santana da Serra', 31, 1),
(212, 'União das Freguesias de Garvão E Santa Luzia', 31, 1),
(213, 'União das Freguesias de Panoias E Conceição', 31, 1),
(214, 'Brinches', 32, 1),
(215, 'Pias', 32, 1),
(216, 'Vila Verde de Ficalho', 32, 1),
(217, 'União das Freguesias de Serpa (salvador E Santa Maria)', 32, 1),
(218, 'União das Freguesias de Vila Nova de São Bento E Vale de Vargo', 32, 1),
(219, 'Pedrogão', 33, 1),
(220, 'Selmes', 33, 1),
(221, 'Vidigueira', 33, 1),
(222, 'Vila de Frades', 33, 1),
(223, 'Barreiros', 34, 1),
(224, 'Bico', 34, 1),
(225, 'Caires', 34, 1),
(226, 'Carrazedo', 34, 1),
(227, 'Dornelas', 34, 1),
(228, 'Fiscal', 34, 1),
(229, 'Goães', 34, 1),
(230, 'Lago', 34, 1),
(231, 'Rendufe', 34, 1),
(232, 'Bouro (santa Maria)', 34, 1),
(233, 'Bouro (santa Marta)', 34, 1),
(234, 'União das Freguesias de Amares E Figueiredo', 34, 1),
(235, 'União das Freguesias de Caldelas, Sequeiros E Paranhos', 34, 1),
(236, 'União das Freguesias de Ferreiros, Prozelo E Besteiros', 34, 1),
(237, 'União das Freguesias de Torre E Portela', 34, 1),
(238, 'União das Freguesias de Vilela, Seramil E Paredes Secas', 34, 1),
(239, 'Abade de Neiva', 35, 1),
(240, 'Aborim', 35, 1),
(241, 'Adães', 35, 1),
(242, 'Airo', 35, 1),
(243, 'Aldreu', 35, 1),
(244, 'Alvelos', 35, 1),
(245, 'Arcozelo', 35, 1),
(246, 'Areias', 35, 1),
(247, 'Balugães', 35, 1),
(248, 'Barcelinhos', 35, 1),
(249, 'Barqueiros', 35, 1),
(250, 'Cambeses', 35, 1),
(251, 'Carapeços', 35, 1),
(252, 'Carvalhal', 35, 1),
(253, 'Carvalhas', 35, 1),
(254, 'Cossourado', 35, 1),
(255, 'Cristelo', 35, 1),
(256, 'Fornelos', 35, 1),
(257, 'Fragoso', 35, 1),
(258, 'Gilmonde', 35, 1),
(259, 'Lama', 35, 1),
(260, 'Lijo', 35, 1),
(261, 'Macieira de Rates', 35, 1),
(262, 'Manhente', 35, 1),
(263, 'Martim', 35, 1),
(264, 'Moure', 35, 1),
(265, 'Oliveira', 35, 1),
(266, 'Palme', 35, 1),
(267, 'Panque', 35, 1),
(268, 'Paradela', 35, 1),
(269, 'Pereira', 35, 1),
(270, 'Perelhal', 35, 1),
(271, 'Pousa', 35, 1),
(272, 'Remelhe', 35, 1),
(273, 'Roriz', 35, 1),
(274, 'Rio Covo (santa Eugenia)', 35, 1),
(275, 'Galegos (santa Maria)', 35, 1),
(276, 'Galegos (s. Martinho)', 35, 1),
(277, 'Tamel (s. Verissimo)', 35, 1),
(278, 'Silva', 35, 1),
(279, 'Ucha', 35, 1),
(280, 'Varzea', 35, 1),
(281, 'Vila Seca', 35, 1),
(282, 'União das Freguesias de Alheira E Igreja Nova', 35, 1),
(283, 'União das Freguesias de Alvito (são Pedro E São Martinho) E Couto', 35, 1),
(284, 'União das Freguesias de Areias de Vilar E Encourados', 35, 1),
(285, 'União das Freguesias de Barcelos, Vila Boa E Vila Frescainha (são Martinho E São Pedro)', 35, 1),
(286, 'União das Freguesias de Campo E Tamel (são Pedro Fins)', 35, 1),
(287, 'União das Freguesias de Carreira E Fonte Coberta', 35, 1),
(288, 'União das Freguesias de Chorente, Góios, Courel, Pedra Furada E Gueral', 35, 1),
(289, 'União das Freguesias de Creixomil E Mariz', 35, 1),
(290, 'União das Freguesias de Durrães E Tregosa', 35, 1),
(291, 'União das Freguesias de Gamil E Midões', 35, 1),
(292, 'União das Freguesias de Milhazes, Vilar de Figos E Faria', 35, 1),
(293, 'União das Freguesias de Negreiros E Chavão', 35, 1),
(294, 'União das Freguesias de Quintiães E Aguiar', 35, 1),
(295, 'União das Freguesias de Sequeade E Bastuço (são João E Santo Estevão)', 35, 1),
(296, 'União das Freguesias de Silveiros E Rio Covo (santa Eulália)', 35, 1),
(297, 'União das Freguesias de Tamel (santa Leocádia) E Vilar do Monte', 35, 1),
(298, 'União das Freguesias de Viatodos, Grimancelos, Minhotães E Monte de Fralães', 35, 1),
(299, 'União das Freguesias de Vila Cova E Feitos', 35, 1),
(300, 'Adaufe', 36, 1),
(301, 'Espinho', 36, 1),
(302, 'Esporões', 36, 1),
(303, 'Figueiredo', 36, 1),
(304, 'Gualtar', 36, 1),
(305, 'Lamas', 36, 1),
(306, 'Mire de Tibães', 36, 1),
(307, 'Padim da Graça', 36, 1),
(308, 'Palmeira', 36, 1),
(309, 'Pedralva', 36, 1),
(310, 'Priscos', 36, 1),
(311, 'Ruilhe', 36, 1),
(312, 'Braga (s. Vicente)', 36, 1),
(313, 'Braga (s. Vitor)', 36, 1),
(314, 'Sequeira', 36, 1),
(315, 'Sobreposta', 36, 1),
(316, 'Tadim', 36, 1),
(317, 'Tebosa', 36, 1),
(318, 'União das Freguesias de Arentim E Cunha', 36, 1),
(319, 'União das Freguesias de Braga (maximinos, Sé E Cividade)', 36, 1),
(320, 'União das Freguesias de Braga (são José de São Lázaro E São João do Souto)', 36, 1),
(321, 'União das Freguesias de Cabreiros E Passos (são Julião)', 36, 1),
(322, 'União das Freguesias de Celeirós, Aveleda E Vimieiro', 36, 1),
(323, 'União das Freguesias de Crespos E Pousada', 36, 1),
(324, 'União das Freguesias de Escudeiros E Penso (santo Estêvão E São Vicente)', 36, 1),
(325, 'União das Freguesias de Este (são Pedro E São Mamede)', 36, 1),
(326, 'União das Freguesias de Ferreiros E Gondizalves', 36, 1),
(327, 'União das Freguesias de Guisande E Oliveira (são Pedro)', 36, 1),
(328, 'União das Freguesias de Lomar E Arcos', 36, 1),
(329, 'União das Freguesias de Merelim (são Paio), Panoias E Parada de Tibães', 36, 1),
(330, 'União das Freguesias de Merelim (são Pedro) E Frossos', 36, 1),
(331, 'União das Freguesias de Morreira E Trandeiras', 36, 1),
(332, 'União das Freguesias de Nogueira, Fraião E Lamaçães', 36, 1),
(333, 'União das Freguesias de Nogueiró E Tenões', 36, 1),
(334, 'União das Freguesias de Real, Dume E Semelhe', 36, 1),
(335, 'União das Freguesias de Santa Lucrécia de Algeriz E Navarra', 36, 1),
(336, 'União das Freguesias de Vilaça E Fradelos', 36, 1),
(337, 'Abadim', 37, 1),
(338, 'Basto', 37, 1),
(339, 'Bucos', 37, 1),
(340, 'Cabeceiras de Basto', 37, 1),
(341, 'Cavez', 37, 1),
(342, 'Faia', 37, 1),
(343, 'Pedraça', 37, 1),
(344, 'Rio Douro', 37, 1),
(345, 'União das Freguesias de Alvite E Passos', 37, 1),
(346, 'União das Freguesias de Arco de Baúlhe E Vila Nune', 37, 1),
(347, 'União das Freguesias de Gondiães E Vilar de Cunhas', 37, 1),
(348, 'União das Freguesias de Refojos de Basto, Outeiro E Painzela', 37, 1),
(349, 'Agilde', 38, 1),
(350, 'Arnoia', 38, 1),
(351, 'Borba da Montanha', 38, 1),
(352, 'Codeçoso', 38, 1),
(353, 'Fervença', 38, 1),
(354, 'Moreira do Castelo', 38, 1),
(355, 'Rego', 38, 1),
(356, 'Ribas', 38, 1),
(357, 'Basto (s. Clemente)', 38, 1),
(358, 'Vale de Bouro', 38, 1),
(359, 'União das Freguesias de Britelo, Gémeos E Ourilhe', 38, 1),
(360, 'União das Freguesias de Caçarilhe E Infesta', 38, 1),
(361, 'União das Freguesias de Canedo de Basto E Corgo', 38, 1),
(362, 'União das Freguesias de Carvalho E Basto (santa Tecla)', 38, 1),
(363, 'União das Freguesias de Veade, Gagos E Molares', 38, 1),
(364, 'Antas', 39, 1),
(365, 'Forjães', 39, 1),
(366, 'Gemeses', 39, 1),
(367, 'Vila Chã', 39, 1),
(368, 'União das Freguesias de Apúlia E Fão', 39, 1),
(369, 'União das Freguesias de Belinho E Mar', 39, 1),
(370, 'União das Freguesias de Esposende, Marinhas E Gandra', 39, 1),
(371, 'União das Freguesias de Fonte Boa E Rio Tinto', 39, 1),
(372, 'União das Freguesias de Palmeira de Faro E Curvos', 39, 1),
(373, 'Armil', 40, 1),
(374, 'Estorãos', 40, 1),
(375, 'Fafe', 40, 1),
(376, 'Fornelos', 40, 1),
(377, 'Golães', 40, 1),
(378, 'Medelo', 40, 1),
(379, 'Passos', 40, 1),
(380, 'Quinchães', 40, 1),
(381, 'Regadas', 40, 1),
(382, 'Revelhe', 40, 1),
(383, 'Ribeiros', 40, 1),
(384, 'Arões (santa Cristina)', 40, 1),
(385, 'S. Gens', 40, 1),
(386, 'Silvares (s. Martinho)', 40, 1),
(387, 'Arões (s. Romão)', 40, 1),
(388, 'Travassos', 40, 1),
(389, 'Vinhos', 40, 1),
(390, 'União de Freguesias de Aboim, Felgueiras, Gontim E Pedraído', 40, 1),
(391, 'União de Freguesias de Agrela E Serafão', 40, 1),
(392, 'União de Freguesias de Antime E Silvares (são Clemente)', 40, 1),
(393, 'União de Freguesias de Ardegão, Arnozela E Seidões', 40, 1),
(394, 'União de Freguesias de Cepães E Fareja', 40, 1),
(395, 'União de Freguesias de Freitas E Vila Cova', 40, 1),
(396, 'União de Freguesias de Monte E Queimadela', 40, 1),
(397, 'União de Freguesias de Moreira do Rei E Várzea Cova', 40, 1),
(398, 'Aldão', 41, 1),
(399, 'Azurem', 41, 1),
(400, 'Barco', 41, 1),
(401, 'Brito', 41, 1),
(402, 'Caldelas', 41, 1),
(403, 'Costa', 41, 1),
(404, 'Creixomil', 41, 1),
(405, 'Fermentões', 41, 1),
(406, 'Gonça', 41, 1),
(407, 'Gondar', 41, 1),
(408, 'Guardizela', 41, 1),
(409, 'Infantas', 41, 1),
(410, 'Longos', 41, 1),
(411, 'Lordelo', 41, 1),
(412, 'Mesão Frio', 41, 1),
(413, 'Moreira de Conegos', 41, 1),
(414, 'Nespereira', 41, 1),
(415, 'Pencelo', 41, 1),
(416, 'Pinheiro', 41, 1),
(417, 'Polvoreira', 41, 1),
(418, 'Ponte', 41, 1),
(419, 'Ronfe', 41, 1),
(420, 'Prazins (santa Eufemia)', 41, 1),
(421, 'Selho (s. Cristovão)', 41, 1),
(422, 'Selho (s. Jorge)', 41, 1),
(423, 'Candoso (s. Martinho)', 41, 1),
(424, 'Sande (s. Martinho)', 41, 1),
(425, 'S. Torcato', 41, 1),
(426, 'Serzedelo', 41, 1),
(427, 'Silvares', 41, 1),
(428, 'Urgezes', 41, 1),
(429, 'União das Freguesias de Abação E Gémeos', 41, 1),
(430, 'União das Freguesias de Airão Santa Maria, Airão São João E Vermil', 41, 1),
(431, 'União das Freguesias de Arosa E Castelões', 41, 1),
(432, 'União das Freguesias de Atães E Rendufe', 41, 1),
(433, 'União das Freguesias de Briteiros Santo Estêvão E Donim', 41, 1),
(434, 'União das Freguesias de Briteiros São Salvador E Briteiros Santa Leocádia', 41, 1),
(435, 'União das Freguesias de Candoso São Tiago E Mascotelos', 41, 1),
(436, 'União das Freguesias de Conde E Gandarela', 41, 1),
(437, 'União das Freguesias de Leitões, Oleiros E Figueiredo', 41, 1),
(438, 'União das Freguesias de Oliveira, São Paio E São Sebastião', 41, 1),
(439, 'União das Freguesias de Prazins Santo Tirso E Corvite', 41, 1),
(440, 'União das Freguesias de Sande São Lourenço E Balazar', 41, 1),
(441, 'União das Freguesias de Sande Vila Nova E Sande São Clemente', 41, 1),
(442, 'União das Freguesias de Selho São Lourenço E Gominhães', 41, 1),
(443, 'União das Freguesias de Serzedo E Calvos', 41, 1),
(444, 'União das Freguesias de Souto Santa Maria, Souto São Salvador E Gondomar', 41, 1),
(445, 'União das Freguesias de Tabuadelo E São Faustino', 41, 1),
(446, 'Covelas', 42, 1),
(447, 'Ferreiros', 42, 1),
(448, 'Galegos', 42, 1),
(449, 'Garfe', 42, 1),
(450, 'Geraz do Minho', 42, 1),
(451, 'Lanhoso', 42, 1),
(452, 'Monsul', 42, 1),
(453, 'Povoa de Lanhoso (n. Senhora do Amparo)', 42, 1),
(454, 'Rendufinho', 42, 1),
(455, 'Santo Emilião', 42, 1),
(456, 'S. João de Rei', 42, 1),
(457, 'Serzedelo', 42, 1),
(458, 'Sobradelo da Goma', 42, 1),
(459, 'Taide', 42, 1),
(460, 'Travassos', 42, 1),
(461, 'Vilela', 42, 1),
(462, 'União das Freguesias de Águas Santas E Moure', 42, 1),
(463, 'União das Freguesias de Calvos E Frades', 42, 1),
(464, 'União das Freguesias de Campos E Louredo', 42, 1),
(465, 'União das Freguesias de Esperança E Brunhais', 42, 1),
(466, 'União das Freguesias de Fonte Arcada E Oliveira', 42, 1),
(467, 'União das Freguesias de Verim, Friande E Ajude', 42, 1),
(468, 'Balança', 43, 1),
(469, 'Campo do Geres', 43, 1),
(470, 'Carvalheira', 43, 1),
(471, 'Covide', 43, 1),
(472, 'Gondoriz', 43, 1),
(473, 'Moimenta', 43, 1),
(474, 'Ribeira', 43, 1),
(475, 'Rio Caldo', 43, 1),
(476, 'Souto', 43, 1),
(477, 'Valdosende', 43, 1),
(478, 'Vilar da Veiga', 43, 1),
(479, 'União das Freguesias de Chamoim E Vilar', 43, 1),
(480, 'União das Freguesias de Chorense E Monte', 43, 1),
(481, 'União das Freguesias de Cibões E Brufe', 43, 1),
(482, 'Cantelães', 44, 1),
(483, 'Eira Vedra', 44, 1),
(484, 'Guilhofrei', 44, 1),
(485, 'Louredo', 44, 1),
(486, 'Mosteiro', 44, 1),
(487, 'Parada do Bouro', 44, 1),
(488, 'Pinheiro', 44, 1),
(489, 'Rossas', 44, 1),
(490, 'Salamonde', 44, 1),
(491, 'Tabuaças', 44, 1),
(492, 'Vieira do Minho', 44, 1),
(493, 'União das Freguesias de Anissó E Soutelo', 44, 1),
(494, 'União das Freguesias de Anjos E Vilar do Chão', 44, 1),
(495, 'União das Freguesias de Caniçada E Soengas', 44, 1),
(496, 'União das Freguesias de Ruivães E Campos', 44, 1),
(497, 'União das Freguesias de Ventosa E Cova', 44, 1),
(498, 'Bairro', 45, 1),
(499, 'Brufe', 45, 1),
(500, 'Castelões', 45, 1),
(501, 'Cruz', 45, 1),
(502, 'Delães', 45, 1),
(503, 'Fradelos', 45, 1),
(504, 'Gavião', 45, 1),
(505, 'Joane', 45, 1),
(506, 'Landim', 45, 1),
(507, 'Louro', 45, 1),
(508, 'Lousado', 45, 1),
(509, 'Mogege', 45, 1),
(510, 'Nine', 45, 1),
(511, 'Pedome', 45, 1),
(512, 'Pousada de Saramagos', 45, 1),
(513, 'Requião', 45, 1),
(514, 'Riba de Ave', 45, 1),
(515, 'Ribeirão', 45, 1),
(516, 'Oliveira (santa Maria)', 45, 1),
(517, 'Vale (s. Martinho)', 45, 1),
(518, 'Oliveira (s. Mateus)', 45, 1),
(519, 'Vermoim', 45, 1),
(520, 'Vilarinho das Cambas', 45, 1),
(521, 'União das Freguesias de Antas E Abade de Vermoim', 45, 1),
(522, 'União das Freguesias de Arnoso (santa Maria E Santa Eulália) E Sezures', 45, 1),
(523, 'União das Freguesias de Avidos E Lagoa', 45, 1),
(524, 'União das Freguesias de Carreira E Bente', 45, 1),
(525, 'União das Freguesias de Esmeriz E Cabeçudos', 45, 1),
(526, 'União das Freguesias de Gondifelos, Cavalões E Outiz', 45, 1),
(527, 'União das Freguesias de Lemenhe, Mouquim E Jesufrei', 45, 1),
(528, 'União das Freguesias de Ruivães E Novais', 45, 1),
(529, 'União das Freguesias de Seide', 45, 1),
(530, 'União das Freguesias de Vale (são Cosme), Telhado E Portela', 45, 1),
(531, 'União das Freguesias de Vila Nova de Famalicão E Calendário', 45, 1),
(532, 'Atiães', 46, 1),
(533, 'Cabanelas', 46, 1),
(534, 'Cervães', 46, 1),
(535, 'Coucieiro', 46, 1),
(536, 'Dossãos', 46, 1),
(537, 'Freiriz', 46, 1),
(538, 'Gême', 46, 1),
(539, 'Lage', 46, 1),
(540, 'Lanhas', 46, 1),
(541, 'Loureira', 46, 1),
(542, 'Moure', 46, 1),
(543, 'Oleiros', 46, 1),
(544, 'Parada de Gatim', 46, 1),
(545, 'Pico', 46, 1),
(546, 'Ponte', 46, 1),
(547, 'Sabariz', 46, 1),
(548, 'Vila de Prado', 46, 1),
(549, 'Prado (s. Miguel)', 46, 1),
(550, 'Soutelo', 46, 1),
(551, 'Turiz', 46, 1),
(552, 'Valdreu', 46, 1),
(553, 'Aboim da Nóbrega E Gondomar', 46, 1),
(554, 'União das Freguesias da Ribeira do Neiva', 46, 1),
(555, 'União das Freguesias de Carreiras (são Miguel) E Carreiras (santiago)', 46, 1),
(556, 'União das Freguesias de Escariz (são Mamede) E Escariz (são Martinho)', 46, 1),
(557, 'União das Freguesias de Esqueiros, Nevogilde E Travassós', 46, 1),
(558, 'União das Freguesias de Marrancos E Arcozelo', 46, 1),
(559, 'União das Freguesias de Oriz (santa Marinha) E Oriz (são Miguel)', 46, 1),
(560, 'União das Freguesias de Pico de Regalados, Gondiães E Mós', 46, 1),
(561, 'União das Freguesias de Sande, Vilarinho, Barros E Gomide', 46, 1),
(562, 'União das Freguesias de Valbom (são Pedro), Passô E Valbom (são Martinho)', 46, 1),
(563, 'União das Freguesias do Vade', 46, 1),
(564, 'Vila Verde E Barbudo', 46, 1),
(565, 'Infias', 47, 1),
(566, 'Santa Eulália', 47, 1),
(567, 'Santo Adrião de Vizela', 47, 1),
(568, 'União das Freguesias de Caldas de Vizela (são Miguel E São João)', 47, 1),
(569, 'União das Freguesias de Tagilde E Vizela (são Paio)', 47, 1),
(570, 'Alfândega da Fé', 48, 1),
(571, 'Cerejais', 48, 1),
(572, 'Sambade', 48, 1),
(573, 'Vilar Chão', 48, 1),
(574, 'Vilarelhos', 48, 1),
(575, 'Vilares de Vilariça', 48, 1),
(576, 'União das Freguesias de Agrobom, Saldonha E Vale Pereiro', 48, 1),
(577, 'União das Freguesias de Eucisia, Gouveia E Valverde', 48, 1),
(578, 'União das Freguesias de Ferradosa E Sendim da Serra', 48, 1),
(579, 'União das Freguesias de Gebelim E Soeima', 48, 1),
(580, 'União das Freguesias de Parada E Sendim da Ribeira', 48, 1),
(581, 'União das Freguesias de Pombal E Vales', 48, 1),
(582, 'Alfaião', 49, 1),
(583, 'Babe', 49, 1),
(584, 'Baçal', 49, 1),
(585, 'Carragosa', 49, 1),
(586, 'Castro de Avelãs', 49, 1),
(587, 'Coelhoso', 49, 1),
(588, 'Donai', 49, 1),
(589, 'Espinhosela', 49, 1),
(590, 'França', 49, 1),
(591, 'Gimonde', 49, 1),
(592, 'Gondesende', 49, 1),
(593, 'Gostei', 49, 1),
(594, 'Grijo de Parada', 49, 1),
(595, 'Macedo do Mato', 49, 1),
(596, 'Mos', 49, 1),
(597, 'Nogueira', 49, 1),
(598, 'Outeiro', 49, 1),
(599, 'Paramio', 49, 1),
(600, 'Pinela', 49, 1),
(601, 'Quintanilha', 49, 1),
(602, 'Quintela de Lampaças', 49, 1),
(603, 'Rabal', 49, 1),
(604, 'Rebordãos', 49, 1),
(605, 'Salsas', 49, 1),
(606, 'Samil', 49, 1),
(607, 'Santa Comba de Rossas', 49, 1),
(608, 'S. Pedro de Serracenos', 49, 1),
(609, 'Sendas', 49, 1),
(610, 'Serapicos', 49, 1),
(611, 'Sortes', 49, 1),
(612, 'Zoio', 49, 1),
(613, 'União das Freguesias de Aveleda E Rio de Onor', 49, 1),
(614, 'União das Freguesias de Castrelos E Carrazedo', 49, 1),
(615, 'União das Freguesias de Izeda, Calvelhe E Paradinha Nova', 49, 1),
(616, 'União das Freguesias de Parada E Faílde', 49, 1),
(617, 'União das Freguesias de Rebordainhos E Pombares', 49, 1),
(618, 'União das Freguesias de Rio Frio E Milhão', 49, 1),
(619, 'União das Freguesias de São Julião de Palácios E Deilão', 49, 1),
(620, 'União das Freguesias de Sé, Santa Maria E Meixedo', 49, 1),
(621, 'Carrazeda de Ansiães', 50, 1),
(622, 'Fonte Longa', 50, 1),
(623, 'Linhares', 50, 1),
(624, 'Marzagão', 50, 1),
(625, 'Parambos', 50, 1),
(626, 'Pereiros', 50, 1),
(627, 'Pinhal do Norte', 50, 1),
(628, 'Pombal', 50, 1),
(629, 'Seixo de Ansiães', 50, 1),
(630, 'Vilarinho da Castanheira', 50, 1),
(631, 'União das Freguesias de Amedo E Zedes', 50, 1),
(632, 'União das Freguesias de Belver E Mogo de Malta', 50, 1),
(633, 'União das Freguesias de Castanheiro do Norte E Ribalonga', 50, 1),
(634, 'União das Freguesias de Lavandeira, Beira Grande E Selores', 50, 1),
(635, 'Ligares', 51, 1),
(636, 'Poiares', 51, 1),
(637, 'União das Freguesias de Freixo de Espada À Cinta E Mazouco', 51, 1),
(638, 'União das Freguesias de Lagoaça E Fornos', 51, 1),
(639, 'Amendoeira', 52, 1),
(640, 'Arcas', 52, 1),
(641, 'Carrapatas', 52, 1),
(642, 'Chacim', 52, 1),
(643, 'Cortiços', 52, 1),
(644, 'Corujas', 52, 1),
(645, 'Ferreira', 52, 1),
(646, 'Grijo', 52, 1),
(647, 'Lagoa', 52, 1),
(648, 'Lamalonga', 52, 1),
(649, 'Lamas', 52, 1),
(650, 'Lombo', 52, 1),
(651, 'Macedo de Cavaleiros', 52, 1),
(652, 'Morais', 52, 1),
(653, 'Olmos', 52, 1),
(654, 'Peredo', 52, 1),
(655, 'Salselas', 52, 1),
(656, 'Sezulfe', 52, 1),
(657, 'Talhas', 52, 1),
(658, 'Vale Benfeito', 52, 1),
(659, 'Vale da Porca', 52, 1),
(660, 'Vale de Prados', 52, 1),
(661, 'Vilarinho de Agrochão', 52, 1),
(662, 'Vinhas', 52, 1),
(663, 'União das Freguesias de Ala E Vilarinho do Monte', 52, 1),
(664, 'União das Freguesias de Bornes E Burga', 52, 1),
(665, 'União das Freguesias de Castelãos E Vilar do Monte', 52, 1),
(666, 'União das Freguesias de Espadanedo, Edroso, Murçós E Soutelo Mourisco', 52, 1),
(667, 'União das Freguesias de Podence E Santa Combinha', 52, 1),
(668, 'União das Freguesias de Talhinhas E Bagueixe', 52, 1),
(669, 'Duas Igrejas', 53, 1),
(670, 'Genisio', 53, 1),
(671, 'Malhadas', 53, 1),
(672, 'Miranda do Douro', 53, 1),
(673, 'Palaçoulo', 53, 1),
(674, 'Picote', 53, 1),
(675, 'Póvoa', 53, 1),
(676, 'S. Martinho de Angueira', 53, 1),
(677, 'Vila Chã de Braciosa', 53, 1),
(678, 'União das Freguesias de Constantim E Cicouro', 53, 1),
(679, 'União das Freguesias de Ifanes E Paradela', 53, 1),
(680, 'União das Freguesias de Sendim E Atenor', 53, 1),
(681, 'União das Freguesias de Silva E Águas Vivas', 53, 1),
(682, 'Abambres', 54, 1),
(683, 'Abreiro', 54, 1),
(684, 'Aguieiras', 54, 1),
(685, 'Alvites', 54, 1),
(686, 'Bouça', 54, 1),
(687, 'Cabanelas', 54, 1),
(688, 'Caravelas', 54, 1),
(689, 'Carvalhais', 54, 1),
(690, 'Cedães', 54, 1),
(691, 'Cobro', 54, 1),
(692, 'Fradizela', 54, 1),
(693, 'Frechas', 54, 1),
(694, 'Lamas de Orelhão', 54, 1),
(695, 'Mascarenhas', 54, 1),
(696, 'Mirandela', 54, 1),
(697, 'Murias', 54, 1),
(698, 'Passos', 54, 1),
(699, 'S. Pedro Velho', 54, 1),
(700, 'S. Salvador', 54, 1),
(701, 'Suçães', 54, 1),
(702, 'Torre de D. Chama', 54, 1),
(703, 'Vale de Asnes', 54, 1),
(704, 'Vale de Gouvinhas', 54, 1),
(705, 'Vale de Salgueiro', 54, 1),
(706, 'Vale de Telhas', 54, 1),
(707, 'União das Freguesias de Avantos E Romeu', 54, 1),
(708, 'União das Freguesias de Avidagos, Navalho E Pereira', 54, 1),
(709, 'União das Freguesias de Barcel, Marmelos E Valverde da Gestosa', 54, 1),
(710, 'União das Freguesias de Franco E Vila Boa', 54, 1),
(711, 'União das Freguesias de Freixeda E Vila Verde', 54, 1),
(712, 'Azinhoso', 55, 1),
(713, 'Bemposta', 55, 1),
(714, 'Bruço', 55, 1),
(715, 'Brunhoso', 55, 1),
(716, 'Castelo Branco', 55, 1),
(717, 'Castro Vicente', 55, 1),
(718, 'Meirinhos', 55, 1),
(719, 'Paradela', 55, 1),
(720, 'Penas Roias', 55, 1),
(721, 'Peredo da Bemposta', 55, 1),
(722, 'Saldanha', 55, 1),
(723, 'S. Martinho do Peso', 55, 1),
(724, 'To', 55, 1),
(725, 'Travanca', 55, 1),
(726, 'Urros', 55, 1),
(727, 'Vale da Madre', 55, 1),
(728, 'Vila de Ala', 55, 1),
(729, 'União das Freguesias de Brunhozinho, Castanheira E Sanhoane', 55, 1),
(730, 'União das Freguesias de Mogadouro, Valverde, Vale de Porco E Vilar de Rei', 55, 1),
(731, 'União das Freguesias de Remondes E Soutelo', 55, 1),
(732, 'União das Freguesias de Vilarinho dos Galegos E Ventozelo', 55, 1),
(733, 'Açoreira', 56, 1),
(734, 'Cabeça Boa', 56, 1),
(735, 'Carviçais', 56, 1),
(736, 'Castedo', 56, 1),
(737, 'Horta da Vilariça', 56, 1),
(738, 'Larinho', 56, 1),
(739, 'Lousa', 56, 1),
(740, 'Mos', 56, 1),
(741, 'Torre de Moncorvo', 56, 1),
(742, 'União das Freguesias de Adeganha E Cardanha', 56, 1),
(743, 'União das Freguesias de Felgar E Souto da Velha', 56, 1),
(744, 'União das Freguesias de Felgueiras E Maçores', 56, 1),
(745, 'União das Freguesias de Urros E Peredo dos Castelhanos', 56, 1),
(746, 'Benlhevai', 57, 1),
(747, 'Freixiel', 57, 1),
(748, 'Roios', 57, 1),
(749, 'Samões', 57, 1),
(750, 'Sampaio', 57, 1),
(751, 'Santa Comba de Vilariça', 57, 1),
(752, 'Seixo de Manhoses', 57, 1),
(753, 'Trindade', 57, 1),
(754, 'Vale Frechoso', 57, 1),
(755, 'União das Freguesias de Assares E Lodões', 57, 1),
(756, 'União das Freguesias de Candoso E Carvalho de Egas', 57, 1),
(757, 'União das Freguesias de Valtorno E Mourão', 57, 1),
(758, 'União das Freguesias de Vila Flor E Nabo', 57, 1),
(759, 'União das Freguesias de Vilas Boas E Vilarinho das Azenhas', 57, 1),
(760, 'Argozelo', 58, 1),
(761, 'Carção', 58, 1),
(762, 'Matela', 58, 1),
(763, 'Pinelo', 58, 1),
(764, 'Santulhão', 58, 1),
(765, 'Vilar Seco', 58, 1),
(766, 'Vimioso', 58, 1),
(767, 'União das Freguesias de Algoso, Campo de Víboras E Uva', 58, 1),
(768, 'União das Freguesias de Caçarelhos E Angueira', 58, 1),
(769, 'União das Freguesias de Vale de Frades E Avelanoso', 58, 1),
(770, 'Agrochão', 59, 1),
(771, 'Candedo', 59, 1),
(772, 'Celas', 59, 1),
(773, 'Edral', 59, 1),
(774, 'Edrosa', 59, 1),
(775, 'Ervedosa', 59, 1),
(776, 'Paço', 59, 1),
(777, 'Penhas Juntas', 59, 1),
(778, 'Rebordelo', 59, 1),
(779, 'Santalha', 59, 1),
(780, 'Tuizelo', 59, 1),
(781, 'Vale das Fontes', 59, 1),
(782, 'Vila Boa de Ousilhão', 59, 1),
(783, 'Vila Verde', 59, 1),
(784, 'Vilar de Ossos', 59, 1),
(785, 'Vilar de Peregrinos', 59, 1),
(786, 'Vilar Seco de Lomba', 59, 1),
(787, 'Vinhais', 59, 1),
(788, 'União das Freguesias de Curopos E Vale de Janeiro', 59, 1),
(789, 'União das Freguesias de Moimenta E Montouto', 59, 1),
(790, 'União das Freguesias de Nunes E Ousilhão', 59, 1),
(791, 'União das Freguesias de Quirás E Pinheiro Novo', 59, 1),
(792, 'União das Freguesias de Sobreiro de Baixo E Alvaredos', 59, 1),
(793, 'União das Freguesias de Soeira, Fresulfe E Mofreita', 59, 1),
(794, 'União das Freguesias de Travanca E Santa Cruz', 59, 1),
(795, 'União das Freguesias de Vilar de Lomba E São Jomil', 59, 1),
(796, 'Caria', 60, 1),
(797, 'Inguias', 60, 1),
(798, 'Maçainhas', 60, 1),
(799, 'União das Freguesias de Belmonte E Colmeal da Torre', 60, 1),
(800, 'Alcains', 61, 1),
(801, 'Almaceda', 61, 1),
(802, 'Benquerenças', 61, 1),
(803, 'Castelo Branco', 61, 1),
(804, 'Lardosa', 61, 1),
(805, 'Louriçal do Campo', 61, 1),
(806, 'Malpica do Tejo', 61, 1),
(807, 'Monforte da Beira', 61, 1),
(808, 'Salgueiro do Campo', 61, 1),
(809, 'Santo Andre das Tojeiras', 61, 1),
(810, 'S. Vicente da Beira', 61, 1),
(811, 'Sarzedas', 61, 1),
(812, 'Tinalhas', 61, 1),
(813, 'União das Freguesias de Cebolais de Cima E Retaxo', 61, 1),
(814, 'União das Freguesias de Escalos de Baixo E Mata', 61, 1),
(815, 'União das Freguesias de Escalos de Cima E Lousa', 61, 1),
(816, 'União das Freguesias de Freixial E Juncal do Campo', 61, 1),
(817, 'União das Freguesias de Ninho do Açor E Sobral do Campo', 61, 1),
(818, 'União das Freguesias de Póvoa de Rio de Moinhos E Cafede', 61, 1),
(819, 'Aldeia de S. Francisco de Assis', 62, 1),
(820, 'Boidobra', 62, 1),
(821, 'Cortes do Meio', 62, 1),
(822, 'Dominguizo', 62, 1),
(823, 'Erada', 62, 1),
(824, 'Ferro', 62, 1),
(825, 'Orjais', 62, 1),
(826, 'Paul', 62, 1),
(827, 'Peraboa', 62, 1),
(828, 'S. Jorge da Beira', 62, 1),
(829, 'Sobral de S. Miguel', 62, 1),
(830, 'Tortosendo', 62, 1),
(831, 'Unhais da Serra', 62, 1),
(832, 'Verdelhos', 62, 1),
(833, 'União das Freguesias de Barco E Coutada', 62, 1),
(834, 'União das Freguesias de Cantar-Galo E Vila do Carvalho', 62, 1),
(835, 'União das Freguesias de Casegas E Ourondo', 62, 1),
(836, 'União das Freguesias de Covilhã E Canhoso', 62, 1),
(837, 'União das Freguesias de Peso E Vales do Rio', 62, 1),
(838, 'União das Freguesias de Teixoso E Sarzedo', 62, 1),
(839, 'União das Freguesias de Vale Formoso E Aldeia do Souto', 62, 1),
(840, 'Alcaide', 63, 1),
(841, 'Alcaria', 63, 1),
(842, 'Alcongosta', 63, 1),
(843, 'Alpedrinha', 63, 1),
(844, 'Barroca', 63, 1),
(845, 'Bogas de Cima', 63, 1),
(846, 'Capinha', 63, 1),
(847, 'Castelejo', 63, 1),
(848, 'Castelo Novo', 63, 1),
(849, 'Fatela', 63, 1),
(850, 'Lavacolhos', 63, 1),
(851, 'Orca', 63, 1),
(852, 'Pero Viseu', 63, 1),
(853, 'Silvares', 63, 1),
(854, 'Soalheira', 63, 1),
(855, 'Souto da Casa', 63, 1),
(856, 'Telhado', 63, 1),
(857, 'Enxames', 63, 1),
(858, 'Três Povos', 63, 1),
(859, 'União das Freguesias de Janeiro de Cima E Bogas de Baixo', 63, 1),
(860, 'União das Freguesias de Fundão, Valverde, Donas, Aldeia de Joanes E Aldeia Nova do Cabo', 63, 1),
(861, 'União das Freguesias de Póvoa de Atalaia E Atalaia do Campo', 63, 1),
(862, 'União das Freguesias de Vale de Prazeres E Mata da Rainha', 63, 1),
(863, 'Aldeia de Santa Margarida', 64, 1),
(864, 'Ladoeiro', 64, 1),
(865, 'Medelim', 64, 1),
(866, 'Oledo', 64, 1),
(867, 'Penha Garcia', 64, 1),
(868, 'Proença-A-Velha', 64, 1),
(869, 'Rosmaninhal', 64, 1),
(870, 'S. Miguel de Acha', 64, 1),
(871, 'Toulões', 64, 1),
(872, 'União das Freguesias de Idanha-A-Nova E Alcafozes', 64, 1),
(873, 'União das Freguesias de Monfortinho E Salvaterra do Extremo', 64, 1),
(874, 'União das Freguesias de Monsanto E Idanha-A-Velha', 64, 1),
(875, 'União das Freguesias de Zebreira E Segura', 64, 1),
(876, 'Alvaro', 65, 1),
(877, 'Cambas', 65, 1),
(878, 'Isna', 65, 1),
(879, 'Madeirã', 65, 1),
(880, 'Mosteiro', 65, 1),
(881, 'Orvalho', 65, 1),
(882, 'Sarnadas de S. Simão', 65, 1),
(883, 'Sobral', 65, 1),
(884, 'Estreito-Vilar Barroco', 65, 1),
(885, 'Oleiros-Amieira', 65, 1),
(886, 'Aranhas', 66, 1),
(887, 'Benquerença', 66, 1),
(888, 'Meimão', 66, 1),
(889, 'Meimoa', 66, 1),
(890, 'Penamacor', 66, 1),
(891, 'Salvador', 66, 1),
(892, 'Vale da Senhora da Povoa', 66, 1),
(893, 'União das Freguesias de Aldeia do Bispo, Águas E Aldeia de João Pires', 66, 1),
(894, 'União das Freguesias de Pedrógão de São Pedro E Bemposta', 66, 1),
(895, 'Montes da Senhora', 67, 1),
(896, 'S. Pedro do Esteval', 67, 1),
(897, 'União das Freguesias de Proença-A-Nova E Peral', 67, 1),
(898, 'União das Freguesias de Sobreira Formosa E Alvito da Beira', 67, 1),
(899, 'Cabeçudo', 68, 1),
(900, 'Carvalhal', 68, 1),
(901, 'Castelo', 68, 1),
(902, 'Pedrogão Pequeno', 68, 1),
(903, 'Sertã', 68, 1),
(904, 'Troviscal', 68, 1),
(905, 'Varzea dos Cavaleiros', 68, 1),
(906, 'União das Freguesias de Cernache do Bonjardim, Nesperal E Palhais', 68, 1),
(907, 'União das Freguesias de Cumeada E Marmeleiro', 68, 1),
(908, 'União das Freguesias de Ermida E Figueiredo', 68, 1),
(909, 'Fundada', 69, 1),
(910, 'S. João do Peso', 69, 1),
(911, 'Vila de Rei', 69, 1),
(912, 'Fratel', 70, 1),
(913, 'Perais', 70, 1),
(914, 'Sarnadas de Rodão', 70, 1),
(915, 'Vila Velha de Rodão', 70, 1),
(916, 'Arganil', 71, 1),
(917, 'Benfeita', 71, 1),
(918, 'Celavisa', 71, 1),
(919, 'Folques', 71, 1),
(920, 'Piodão', 71, 1),
(921, 'Pomares', 71, 1),
(922, 'Pombeiro da Beira', 71, 1),
(923, 'S. Martinho da Cortiça', 71, 1),
(924, 'Sarzedo', 71, 1),
(925, 'Secarias', 71, 1),
(926, 'União das Freguesias de Cepos E Teixeira', 71, 1),
(927, 'União das Freguesias de Cerdeira E Moura da Serra', 71, 1),
(928, 'União das Freguesias de Côja E Barril de Alva', 71, 1),
(929, 'União das Freguesias de Vila Cova de Alva E Anseriz', 71, 1),
(930, 'Ançã', 72, 1),
(931, 'Cadima', 72, 1),
(932, 'Cordinhã', 72, 1),
(933, 'Febres', 72, 1),
(934, 'Murtede', 72, 1),
(935, 'Ourentã', 72, 1),
(936, 'Tocha', 72, 1),
(937, 'S. Caetano', 72, 1),
(938, 'Sanguinheira', 72, 1),
(939, 'União das Freguesias de Cantanhede E Pocariça', 72, 1),
(940, 'União das Freguesias de Covões E Camarneira', 72, 1),
(941, 'União das Freguesias de Portunhos E Outil', 72, 1),
(942, 'União das Freguesias de Sepins E Bolho', 72, 1),
(943, 'União das Freguesias de Vilamar E Corticeiro de Cima', 72, 1),
(944, 'Almalagues', 73, 1),
(945, 'Brasfemes', 73, 1),
(946, 'Ceira', 73, 1),
(947, 'Cernache', 73, 1),
(948, 'Santo Antonio dos Olivais', 73, 1),
(949, 'S. João do Campo', 73, 1),
(950, 'S. Silvestre', 73, 1),
(951, 'Torres do Mondego', 73, 1),
(952, 'União das Freguesias de Antuzede E Vil de Matos', 73, 1),
(953, 'União das Freguesias de Assafarge E Antanhol', 73, 1),
(954, 'União das Freguesias de Coimbra (sé Nova, Santa Cruz, Almedina E São Bartolomeu)', 73, 1),
(955, 'União das Freguesias de Eiras E São Paulo de Frades', 73, 1),
(956, 'União das Freguesias de Santa Clara E Castelo Viegas', 73, 1),
(957, 'União das Freguesias de São Martinho de Árvore E Lamarosa', 73, 1),
(958, 'União das Freguesias de São Martinho do Bispo E Ribeira de Frades', 73, 1),
(959, 'União das Freguesias de Souselas E Botão', 73, 1),
(960, 'União das Freguesias de Taveiro, Ameal E Arzila', 73, 1),
(961, 'União das Freguesias de Trouxemil E Torre de Vilela', 73, 1),
(962, 'Anobra', 74, 1),
(963, 'Ega', 74, 1),
(964, 'Furadouro', 74, 1),
(965, 'Zambujal', 74, 1),
(966, 'União das Freguesias de Condeixa-A-Velha E Condeixa-A-Nova', 74, 1),
(967, 'União das Freguesias de Sebal E Belide', 74, 1),
(968, 'União das Freguesias de Vila Seca E Bem da Fé', 74, 1),
(969, 'Alqueidão', 75, 1),
(970, 'Maiorca', 75, 1),
(971, 'Marinha das Ondas', 75, 1),
(972, 'Tavarede', 75, 1),
(973, 'Vila Verde', 75, 1),
(974, 'S. Pedro', 75, 1),
(975, 'Bom Sucesso', 75, 1),
(976, 'Moinhos de Gandara', 75, 1),
(977, 'Alhadas', 75, 1),
(978, 'Buarcos', 75, 1),
(979, 'Ferreira-A-Nova', 75, 1),
(980, 'Lavos', 75, 1),
(981, 'Paião', 75, 1),
(982, 'Quiaios', 75, 1),
(983, 'Alvares', 76, 1),
(984, 'Gois', 76, 1),
(985, 'Vila Nova do Ceira', 76, 1),
(986, 'União das Freguesias de Cadafaz E Colmeal', 76, 1),
(987, 'Serpins', 77, 1),
(988, 'Gandaras', 77, 1),
(989, 'União das Freguesias de Foz de Arouce E Casal de Ermio', 77, 1),
(990, 'União das Freguesias de Lousã E Vilarinho', 77, 1),
(991, 'Mira', 78, 1),
(992, 'Seixo', 78, 1),
(993, 'Carapelhos', 78, 1),
(994, 'Praia de Mira', 78, 1),
(995, 'Lamas', 79, 1),
(996, 'Miranda do Corvo', 79, 1),
(997, 'Vila Nova', 79, 1),
(998, 'União das Freguesias de Semide E Rio Vide', 79, 1),
(999, 'Arazede', 80, 1),
(1000, 'Carapinheira', 80, 1),
(1001, 'Liceia', 80, 1),
(1002, 'Meãs do Campo', 80, 1),
(1003, 'Pereira', 80, 1),
(1004, 'Santo Varão', 80, 1),
(1005, 'Seixo de Gatões', 80, 1),
(1006, 'Tentugal', 80, 1),
(1007, 'Ereira', 80, 1),
(1008, 'União das Freguesias de Abrunheira, Verride E Vila Nova da Barca', 80, 1),
(1009, 'União das Freguesias de Montemor-O-Velho E Gatões', 80, 1),
(1010, 'Aldeia das Dez', 81, 1),
(1011, 'Alvoco das Varzeas', 81, 1),
(1012, 'Avo', 81, 1),
(1013, 'Bobadela', 81, 1),
(1014, 'Lagares', 81, 1),
(1015, 'Lourosa', 81, 1),
(1016, 'Meruge', 81, 1),
(1017, 'Nogueira do Cravo', 81, 1),
(1018, 'S. Gião', 81, 1),
(1019, 'Seixo da Beira', 81, 1),
(1020, 'Travanca de Lagos', 81, 1),
(1021, 'União das Freguesias de Ervedal E Vila Franca da Beira', 81, 1),
(1022, 'União das Freguesias de Lagos da Beira E Lajeosa', 81, 1),
(1023, 'União das Freguesias de Oliveira do Hospital E São Paio de Gramaços', 81, 1),
(1024, 'União das Freguesias de Penalva de Alva E São Sebastião da Feira', 81, 1),
(1025, 'União das Freguesias de Santa Ovaia E Vila Pouca da Beira', 81, 1),
(1026, 'Cabril', 82, 1),
(1027, 'Dornelas do Zezere', 82, 1),
(1028, 'Janeiro de Baixo', 82, 1),
(1029, 'Pampilhosa da Serra', 82, 1),
(1030, 'Pessegueiro', 82, 1),
(1031, 'Unhais-O-Velho', 82, 1),
(1032, 'Fajão-Vidual', 82, 1),
(1033, 'Portela do Fojo-Machio', 82, 1),
(1034, 'Carvalho', 83, 1),
(1035, 'Figueira de Lorvão', 83, 1),
(1036, 'Lorvão', 83, 1),
(1037, 'Penacova', 83, 1),
(1038, 'Sazes do Lorvão', 83, 1),
(1039, 'União das Freguesias de Friúmes E Paradela', 83, 1),
(1040, 'União das Freguesias de Oliveira do Mondego E Travanca do Mondego', 83, 1),
(1041, 'União das Freguesias de São Pedro de Alva E São Paio de Mondego', 83, 1),
(1042, 'Cumeeira', 84, 1),
(1043, 'Espinhal', 84, 1),
(1044, 'Podentes', 84, 1),
(1045, 'União das Freguesias de São Miguel, Santa Eufémia E Rabaçal', 84, 1),
(1046, 'Alfarelos', 85, 1),
(1047, 'Figueiro do Campo', 85, 1),
(1048, 'Granja do Ulmeiro', 85, 1),
(1049, 'Samuel', 85, 1),
(1050, 'Soure', 85, 1),
(1051, 'Tapeus', 85, 1),
(1052, 'Vila Nova de Anços', 85, 1),
(1053, 'Vinha da Rainha', 85, 1),
(1054, 'União das Freguesias de Degracias E Pombalinho', 85, 1),
(1055, 'União das Freguesias de Gesteira E Brunhós', 85, 1),
(1056, 'Candosa', 86, 1),
(1057, 'Carapinha', 86, 1),
(1058, 'Midões', 86, 1),
(1059, 'Mouronho', 86, 1),
(1060, 'Povoa de Midões', 86, 1),
(1061, 'S. João da Boa Vista', 86, 1),
(1062, 'Tabua', 86, 1),
(1063, 'União das Freguesias de Ázere E Covelo', 86, 1),
(1064, 'União das Freguesias de Covas E Vila Nova de Oliveirinha', 86, 1),
(1065, 'União das Freguesias de Espariz E Sinde', 86, 1),
(1066, 'União das Freguesias de Pinheiro de Coja E Meda de Mouros', 86, 1),
(1067, 'Arrifana', 87, 1),
(1068, 'Lavegadas', 87, 1),
(1069, 'Poiares (santo Andre)', 87, 1),
(1070, 'S. Miguel de Poiares', 87, 1),
(1071, 'Santiago Maior', 88, 1),
(1072, 'Capelins (santo Antonio)', 88, 1),
(1073, 'Terena (s. Pedro)', 88, 1),
(1074, 'União das Freguesias de Alandroal (nossa Senhora da Conceição), São Brás dos Matos (mina do Bugalho) E Juromenha (nossa Senhora do Loreto)', 88, 1),
(1075, 'Arraiolos', 89, 1),
(1076, 'Igrejinha', 89, 1),
(1077, 'Vimieiro', 89, 1),
(1078, 'União das Freguesias de Gafanhoeira (são Pedro) E Sabugueiro', 89, 1),
(1079, 'União das Freguesias de São Gregório E Santa Justa', 89, 1),
(1080, 'Borba (matriz)', 90, 1),
(1081, 'Orada', 90, 1),
(1082, 'Rio de Moinhos', 90, 1),
(1083, 'Borba (s. Bartolomeu)', 90, 1),
(1084, 'Arcos', 91, 1),
(1085, 'Gloria', 91, 1),
(1086, 'Evora Monte (santa Maria)', 91, 1),
(1087, 'S. Domingos de Ana Loura', 91, 1),
(1088, 'Veiros', 91, 1),
(1089, 'União das Freguesias de Estremoz (santa Maria E Santo André)', 91, 1),
(1090, 'União das Freguesias de São Bento do Cortiço E Santo Estêvão', 91, 1),
(1091, 'União das Freguesias de São Lourenço de Mamporcão E São Bento de Ana Loura', 91, 1),
(1092, 'União das Freguesias do Ameixial (santa Vitória E São Bento)', 91, 1),
(1093, 'Nossa Senhora da Graça do Divor', 92, 1),
(1094, 'Nossa Senhora de Machede', 92, 1),
(1095, 'S. Bento do Mato', 92, 1),
(1096, 'S. Miguel de Machede', 92, 1),
(1097, 'Torre de Coelheiros', 92, 1),
(1098, 'Canaviais', 92, 1),
(1099, 'União das Freguesias de Bacelo E Senhora da Saúde', 92, 1),
(1100, 'União das Freguesias de Évora (são Mamede, Sé, São Pedro E Santo Antão)', 92, 1),
(1101, 'União das Freguesias de Malagueira E Horta das Figueiras', 92, 1),
(1102, 'União das Freguesias de Nossa Senhora da Tourega E Nossa Senhora de Guadalupe', 92, 1),
(1103, 'União das Freguesias de São Manços E São Vicente do Pigeiro', 92, 1),
(1104, 'União das Freguesias de São Sebastião da Giesteira E Nossa Senhora da Boa Fé', 92, 1),
(1105, 'Cabrela', 93, 1),
(1106, 'Santiago do Escoural', 93, 1),
(1107, 'S. Cristovão', 93, 1),
(1108, 'Ciborro', 93, 1),
(1109, 'Foros de Vale de Figueira', 93, 1),
(1110, 'União das Freguesias de Cortiçadas de Lavre E Lavre', 93, 1),
(1111, 'União das Freguesias de Nossa Senhora da Vila, Nossa Senhora do Bispo E Silveiras', 93, 1),
(1112, 'Brotas', 94, 1),
(1113, 'Cabeção', 94, 1),
(1114, 'Mora', 94, 1),
(1115, 'Pavia', 94, 1),
(1116, 'Granja', 95, 1),
(1117, 'Luz', 95, 1),
(1118, 'Mourão', 95, 1),
(1119, 'Monte do Trigo', 96, 1),
(1120, 'Portel', 96, 1),
(1121, 'Santana', 96, 1),
(1122, 'Vera Cruz', 96, 1),
(1123, 'União das Freguesias de Amieira E Alqueva', 96, 1),
(1124, 'União das Freguesias de São Bartolomeu do Outeiro E Oriola', 96, 1),
(1125, 'Montoito', 97, 1),
(1126, 'Redondo', 97, 1),
(1127, 'Corval', 98, 1),
(1128, 'Monsaraz', 98, 1),
(1129, 'Reguengos de Monsaraz', 98, 1),
(1130, 'União das Freguesias de Campo E Campinho', 98, 1),
(1131, 'Vendas Novas', 99, 1),
(1132, 'Landeira', 99, 1),
(1133, 'Alcaçovas', 100, 1),
(1134, 'Viana do Alentejo', 100, 1),
(1135, 'Aguiar', 100, 1),
(1136, 'Bencatel', 101, 1),
(1137, 'Ciladas', 101, 1),
(1138, 'Pardais', 101, 1),
(1139, 'Nossa Senhora da Conceição E São Bartolomeu', 101, 1),
(1140, 'Guia', 102, 1),
(1141, 'Paderne', 102, 1),
(1142, 'Ferreiras', 102, 1),
(1143, 'Albufeira E Olhos de Água', 102, 1),
(1144, 'Giões', 103, 1),
(1145, 'Martim Longo', 103, 1),
(1146, 'Vaqueiros', 103, 1),
(1147, 'União das Freguesias de Alcoutim E Pereiro', 103, 1),
(1148, 'Aljezur', 104, 1),
(1149, 'Bordeira', 104, 1),
(1150, 'Odeceixe', 104, 1),
(1151, 'Rogil', 104, 1),
(1152, 'Azinhal', 105, 1),
(1153, 'Castro Marim', 105, 1),
(1154, 'Odeleite', 105, 1),
(1155, 'Altura', 105, 1),
(1156, 'Santa Barbara de Nexe', 106, 1),
(1157, 'Montenegro', 106, 1),
(1158, 'União das Freguesias de Conceição E Estoi', 106, 1),
(1159, 'União das Freguesias de Faro (sé E São Pedro)', 106, 1),
(1160, 'Ferragudo', 107, 1),
(1161, 'Porches', 107, 1),
(1162, 'União das Freguesias de Estômbar E Parchal', 107, 1),
(1163, 'União das Freguesias de Lagoa E Carvoeiro', 107, 1),
(1164, 'Luz', 108, 1),
(1165, 'Odiaxere', 108, 1),
(1166, 'União das Freguesias de Bensafrim E Barão de São João', 108, 1),
(1167, 'União das Freguesias de Lagos (são Sebastião E Santa Maria)', 108, 1),
(1168, 'Almancil', 109, 1),
(1169, 'Alte', 109, 1),
(1170, 'Ameixial', 109, 1),
(1171, 'Boliqueime', 109, 1),
(1172, 'Quarteira', 109, 1),
(1173, 'Salir', 109, 1),
(1174, 'Loule (s. Clemente)', 109, 1),
(1175, 'Loule (s. Sebastião)', 109, 1),
(1176, 'União de Freguesias de Querença, Tôr E Benafim', 109, 1),
(1177, 'Alferce', 110, 1),
(1178, 'Marmelete', 110, 1),
(1179, 'Monchique', 110, 1),
(1180, 'Olhão', 111, 1),
(1181, 'Pechão', 111, 1),
(1182, 'Quelfes', 111, 1),
(1183, 'União das Freguesias de Moncarapacho E Fuseta', 111, 1),
(1184, 'Alvor', 112, 1),
(1185, 'Mexilhoeira Grande', 112, 1),
(1186, 'Portimão', 112, 1),
(1187, 'S. Bras de Alportel', 113, 1),
(1188, 'Armação de Pera', 114, 1),
(1189, 'S. Bartolomeu de Messines', 114, 1),
(1190, 'S. Marcos da Serra', 114, 1),
(1191, 'Silves', 114, 1),
(1192, 'União das Freguesias de Alcantarilha E Pêra', 114, 1),
(1193, 'União das Freguesias de Algoz E Tunes', 114, 1),
(1194, 'Cachopo', 115, 1),
(1195, 'Santa Catarina da Fonte do Bispo', 115, 1),
(1196, 'Santa Luzia', 115, 1),
(1197, 'União das Freguesias de Conceição E Cabanas de Tavira', 115, 1),
(1198, 'União das Freguesias de Luz de Tavira E Santo Estêvão', 115, 1),
(1199, 'União das Freguesias de Tavira (santa Maria E Santiago)', 115, 1),
(1200, 'Barão de S. Miguel', 116, 1),
(1201, 'Budens', 116, 1),
(1202, 'Vila de Sagres', 116, 1),
(1203, 'Vila do Bispo E Raposeira', 116, 1),
(1204, 'Vila Nova de Cacela', 117, 1),
(1205, 'Vila Real de Santo Antonio', 117, 1),
(1206, 'Monte Gordo', 117, 1),
(1207, 'Carapito', 118, 1),
(1208, 'Cortiçada', 118, 1),
(1209, 'Dornelas', 118, 1),
(1210, 'Eirado', 118, 1),
(1211, 'Forninhos', 118, 1),
(1212, 'Pena Verde', 118, 1),
(1213, 'Pinheiro', 118, 1),
(1214, 'União das Freguesias de Aguiar da Beira E Coruche', 118, 1),
(1215, 'União das Freguesias de Sequeiros E Gradiz', 118, 1),
(1216, 'União das Freguesias de Souto de Aguiar da Beira E Valverde', 118, 1),
(1217, 'Almeida', 119, 1),
(1218, 'Castelo Bom', 119, 1),
(1219, 'Freineda', 119, 1),
(1220, 'Freixo', 119, 1),
(1221, 'Malhada Sorda', 119, 1),
(1222, 'Nave de Haver', 119, 1),
(1223, 'S. Pedro de Rio Seco', 119, 1),
(1224, 'Vale da Mula', 119, 1),
(1225, 'Vilar Formoso', 119, 1),
(1226, 'União das Freguesias de Amoreira, Parada E Cabreira', 119, 1),
(1227, 'União das Freguesias de Azinhal, Peva E Valverde', 119, 1),
(1228, 'União das Freguesias de Castelo Mendo, Ade, Monteperobolso E Mesquitela', 119, 1),
(1229, 'União das Freguesias de Junça E Naves', 119, 1),
(1230, 'União das Freguesias de Leomil, Mido, Senouras E Aldeia Nova', 119, 1),
(1231, 'União das Freguesias de Malpartida E Vale de Coelha', 119, 1),
(1232, 'União das Freguesias de Miuzela E Porto de Ovelha', 119, 1),
(1233, 'Baraçal', 120, 1),
(1234, 'Carrapichana', 120, 1),
(1235, 'Forno Telheiro', 120, 1),
(1236, 'Lajeosa do Mondego', 120, 1),
(1237, 'Linhares', 120, 1),
(1238, 'Maçal do Chão', 120, 1),
(1239, 'Mesquitela', 120, 1),
(1240, 'Minhocal', 120, 1),
(1241, 'Prados', 120, 1),
(1242, 'Ratoeira', 120, 1),
(1243, 'Vale de Azares', 120, 1),
(1244, 'Casas do Soeiro', 120, 1),
(1245, 'União das Freguesias de Açores E Velosa', 120, 1),
(1246, 'União das Freguesias de Celorico (são Pedro E Santa Maria) E Vila Boa do Mondego', 120, 1),
(1247, 'União das Freguesias de Cortiçô da Serra, Vide Entre Vinhas E Salgueirais', 120, 1),
(1248, 'União das Freguesias de Rapa E Cadafaz', 120, 1),
(1249, 'Castelo Rodrigo', 121, 1),
(1250, 'Escalhão', 121, 1),
(1251, 'Figueira de Castelo Rodrigo', 121, 1),
(1252, 'Mata de Lobos', 121, 1),
(1253, 'Vermiosa', 121, 1),
(1254, 'União das Freguesias de Algodres, Vale de Afonsinho E Vilar de Amargo', 121, 1),
(1255, 'União das Freguesias de Almofala E Escarigo', 121, 1),
(1256, 'União das Freguesias de Cinco Vilas E Reigada', 121, 1),
(1257, 'União das Freguesias de Freixeda do Torrão, Quintã de Pêro Martins E Penha de Águia', 121, 1),
(1258, 'União das Freguesias do Colmeal E Vilar Torpim', 121, 1),
(1259, 'Algodres', 122, 1),
(1260, 'Casal Vasco', 122, 1),
(1261, 'Figueiro da Granja', 122, 1),
(1262, 'Fornos de Algodres', 122, 1),
(1263, 'Infias', 122, 1),
(1264, 'Maceira', 122, 1),
(1265, 'Matança', 122, 1),
(1266, 'Muxagata', 122, 1),
(1267, 'Queiriz', 122, 1),
(1268, 'União das Freguesias de Cortiçô E Vila Chã', 122, 1),
(1269, 'União das Freguesias de Juncais, Vila Ruiva E Vila Soeiro do Chão', 122, 1),
(1270, 'União das Freguesias de Sobral Pichorro E Fuinhas', 122, 1),
(1271, 'Arcozelo', 123, 1),
(1272, 'Cativelos', 123, 1),
(1273, 'Folgosinho', 123, 1),
(1274, 'Nespereira', 123, 1),
(1275, 'Paços da Serra', 123, 1),
(1276, 'Ribamondego', 123, 1),
(1277, 'S. Paio', 123, 1),
(1278, 'Vila Cortes da Serra', 123, 1),
(1279, 'Vila Franca da Serra', 123, 1),
(1280, 'Vila Nova de Tazem', 123, 1),
(1281, 'União das Freguesias de Aldeias E Mangualde da Serra', 123, 1),
(1282, 'União das Freguesias de Figueiró da Serra E Freixo da Serra', 123, 1),
(1283, 'União das Freguesias de Gouveia (são Pedro E São Julião)', 123, 1),
(1284, 'União das Freguesias de Melo E Nabais', 123, 1),
(1285, 'União das Freguesias de Moimenta da Serra E Vinhó', 123, 1),
(1286, 'União das Freguesias de Rio Torto E Lagarinhos', 123, 1),
(1287, 'Aldeia do Bispo', 124, 1),
(1288, 'Aldeia Viçosa', 124, 1),
(1289, 'Alvendre', 124, 1),
(1290, 'Arrifana', 124, 1),
(1291, 'Avelãs da Ribeira', 124, 1),
(1292, 'Benespera', 124, 1),
(1293, 'Casal de Cinza', 124, 1),
(1294, 'Castanheira', 124, 1),
(1295, 'Cavadoude', 124, 1),
(1296, 'Codesseiro', 124, 1),
(1297, 'Faia', 124, 1),
(1298, 'Famalicão', 124, 1),
(1299, 'Fernão Joanes', 124, 1),
(1300, 'Gonçalo Bocas', 124, 1),
(1301, 'João Antão', 124, 1),
(1302, 'Maçainhas', 124, 1),
(1303, 'Marmeleiro', 124, 1),
(1304, 'Meios', 124, 1),
(1305, 'Panoias de Cima', 124, 1),
(1306, 'Pega', 124, 1),
(1307, 'Pera do Moço', 124, 1),
(1308, 'Porto da Carne', 124, 1);

INSERT INTO `freguesias` (`id_freguesia`, `nome`, `id_concelho`, `ativo`) VALUES
(1309, 'Ramela', 124, 1),
(1310, 'Santana da Azinha', 124, 1),
(1311, 'Sobral da Serra', 124, 1),
(1312, 'Vale de Estrela', 124, 1),
(1313, 'Valhelhas', 124, 1),
(1314, 'Vela', 124, 1),
(1315, 'Videmonte', 124, 1),
(1316, 'Vila Cortes do Mondego', 124, 1),
(1317, 'Vila Fernando', 124, 1),
(1318, 'Vila Franca do Deão', 124, 1),
(1319, 'Vila Garcia', 124, 1),
(1320, 'Gonçalo', 124, 1),
(1321, 'Guarda', 124, 1),
(1322, 'Jarmelo São Miguel', 124, 1),
(1323, 'Jarmelo São Pedro', 124, 1),
(1324, 'União de Freguesias de Avelãs de Ambom E Rocamondo', 124, 1),
(1325, 'União de Freguesias de Corujeira E Trinta', 124, 1),
(1326, 'União de Freguesias de Mizarela, Pêro Soares E Vila Soeiro', 124, 1),
(1327, 'União de Freguesias de Pousade E Albardo', 124, 1),
(1328, 'União de Freguesias de Rochoso E Monte Margarida', 124, 1),
(1329, 'Adão', 124, 1),
(1330, 'Sameiro', 125, 1),
(1331, 'Manteigas (santa Maria)', 125, 1),
(1332, 'Manteigas (s. Pedro)', 125, 1),
(1333, 'Vale da Amoreira', 125, 1),
(1334, 'Aveloso', 126, 1),
(1335, 'Barreira', 126, 1),
(1336, 'Coriscada', 126, 1),
(1337, 'Longroiva', 126, 1),
(1338, 'Marialva', 126, 1),
(1339, 'Poço do Canto', 126, 1),
(1340, 'Rabaçal', 126, 1),
(1341, 'Ranhados', 126, 1),
(1342, 'União das Freguesias de Mêda, Outeiro de Gatos E Fonte Longa', 126, 1),
(1343, 'União das Freguesias de Prova E Casteição', 126, 1),
(1344, 'União das Freguesias de Vale Flor, Carvalhal E Pai Penela', 126, 1),
(1345, 'Ervedosa', 127, 1),
(1346, 'Freixedas', 127, 1),
(1347, 'Lamegal', 127, 1),
(1348, 'Lameiras', 127, 1),
(1349, 'Manigoto', 127, 1),
(1350, 'Pala', 127, 1),
(1351, 'Pinhel', 127, 1),
(1352, 'Pinzio', 127, 1),
(1353, 'Souro Pires', 127, 1),
(1354, 'Vascoveiro', 127, 1),
(1355, 'Agregação das Freguesias Sul de Pinhel', 127, 1),
(1356, 'Alverca da Beira/bouça Cova', 127, 1),
(1357, 'Terras de Massueime', 127, 1),
(1358, 'Valbom/bogalhal', 127, 1),
(1359, 'Alto do Palurdo', 127, 1),
(1360, 'Vale do Côa', 127, 1),
(1361, 'Vale do Massueime', 127, 1),
(1362, 'União das Freguesias de Atalaia E Safurdão', 127, 1),
(1363, 'Aguas Belas', 128, 1),
(1364, 'Aldeia do Bispo', 128, 1),
(1365, 'Aldeia da Ponte', 128, 1),
(1366, 'Aldeia Velha', 128, 1),
(1367, 'Alfaiates', 128, 1),
(1368, 'Baraçal', 128, 1),
(1369, 'Bendada', 128, 1),
(1370, 'Bismula', 128, 1),
(1371, 'Casteleiro', 128, 1),
(1372, 'Cerdeira', 128, 1),
(1373, 'Foios', 128, 1),
(1374, 'Malcata', 128, 1),
(1375, 'Nave', 128, 1),
(1376, 'Quadrazais', 128, 1),
(1377, 'Quintas de São Bartolomeu', 128, 1),
(1378, 'Rapoula do Coa', 128, 1),
(1379, 'Rebolosa', 128, 1),
(1380, 'Rendo', 128, 1),
(1381, 'Sortelha', 128, 1),
(1382, 'Souto', 128, 1),
(1383, 'Vale de Espinho', 128, 1),
(1384, 'Vila Boa', 128, 1),
(1385, 'Vila do Touro', 128, 1),
(1386, 'União das Freguesias de Aldeia da Ribeira, Vilar Maior E Badamalos', 128, 1),
(1387, 'União das Freguesias de Lajeosa E Forcalhos', 128, 1),
(1388, 'União das Freguesias de Pousafoles do Bispo, Pena Lobo E Lomba', 128, 1),
(1389, 'União das Freguesias de Ruvina, Ruivós E Vale das Éguas', 128, 1),
(1390, 'União das Freguesias do Sabugal E Aldeia de Santo António', 128, 1),
(1391, 'União das Freguesias de Santo Estêvão E Moita', 128, 1),
(1392, 'União das Freguesias de Seixo do Côa E Vale Longo', 128, 1),
(1393, 'Alvoco da Serra', 129, 1),
(1394, 'Girabolhos', 129, 1),
(1395, 'Loriga', 129, 1),
(1396, 'Paranhos', 129, 1),
(1397, 'Pinhanços', 129, 1),
(1398, 'Sabugueiro', 129, 1),
(1399, 'Sandomil', 129, 1),
(1400, 'Santa Comba', 129, 1),
(1401, 'Santiago', 129, 1),
(1402, 'Sazes da Beira', 129, 1),
(1403, 'Teixeira', 129, 1),
(1404, 'Travancinha', 129, 1),
(1405, 'Valezim', 129, 1),
(1406, 'Vila Cova A Coelheira', 129, 1),
(1407, 'União das Freguesias de Carragozela E Várzea de Meruge', 129, 1),
(1408, 'União das Freguesias de Sameice E Santa Eulália', 129, 1),
(1409, 'União das Freguesias de Santa Marinha E São Martinho', 129, 1),
(1410, 'União das Freguesias de Seia, São Romão E Lapa dos Dinheiros', 129, 1),
(1411, 'União das Freguesias de Torrozelo E Folhadosa', 129, 1),
(1412, 'União das Freguesias de Tourais E Lajes', 129, 1),
(1413, 'União das Freguesias de Vide E Cabeça', 129, 1),
(1414, 'Aldeia Nova', 130, 1),
(1415, 'Castanheira', 130, 1),
(1416, 'Cogula', 130, 1),
(1417, 'Cotimos', 130, 1),
(1418, 'Fiães', 130, 1),
(1419, 'Granja', 130, 1),
(1420, 'Guilheiro', 130, 1),
(1421, 'Moimentinha', 130, 1),
(1422, 'Moreira de Rei', 130, 1),
(1423, 'Palhais', 130, 1),
(1424, 'Povoa do Concelho', 130, 1),
(1425, 'Reboleiro', 130, 1),
(1426, 'Rio de Mel', 130, 1),
(1427, 'Tamanhos', 130, 1),
(1428, 'Valdujo', 130, 1),
(1429, 'União das Freguesias de Freches E Torres', 130, 1),
(1430, 'União das Freguesias de Torre do Terrenho, Sebadelhe da Serra E Terrenho', 130, 1),
(1431, 'União das Freguesias de Trancoso (são Pedro E Santa Maria) E Souto Maior', 130, 1),
(1432, 'União das Freguesias de Vale do Seixo E Vila Garcia', 130, 1),
(1433, 'União das Freguesias de Vila Franca das Naves E Feital', 130, 1),
(1434, 'União das Freguesias de Vilares E Carnicães', 130, 1),
(1435, 'Almendra', 131, 1),
(1436, 'Castelo Melhor', 131, 1),
(1437, 'Cedovim', 131, 1),
(1438, 'Chãs', 131, 1),
(1439, 'Custoias', 131, 1),
(1440, 'Horta', 131, 1),
(1441, 'Muxagata', 131, 1),
(1442, 'Numão', 131, 1),
(1443, 'Santa Comba', 131, 1),
(1444, 'Sebadelhe', 131, 1),
(1445, 'Seixas', 131, 1),
(1446, 'Touça', 131, 1),
(1447, 'Freixo de Numão', 131, 1),
(1448, 'Vila Nova de Foz Côa', 131, 1),
(1449, 'Alfeizerão', 132, 1),
(1450, 'Barrio', 132, 1),
(1451, 'Benedita', 132, 1),
(1452, 'Cela', 132, 1),
(1453, 'Evora de Alcobaça', 132, 1),
(1454, 'Maiorga', 132, 1),
(1455, 'S. Martinho do Porto', 132, 1),
(1456, 'Turquel', 132, 1),
(1457, 'Vimeiro', 132, 1),
(1458, 'Aljubarrota', 132, 1),
(1459, 'União das Freguesias de Alcobaça E Vestiaria', 132, 1),
(1460, 'União das Freguesias de Coz, Alpedriz E Montes', 132, 1),
(1461, 'União das Freguesias de Pataias E Martingança', 132, 1),
(1462, 'Almoster', 133, 1),
(1463, 'Maçãs de D. Maria', 133, 1),
(1464, 'Pelma', 133, 1),
(1465, 'Alvaiázere', 133, 1),
(1466, 'Pussos São Pedro', 133, 1),
(1467, 'Alvorge', 134, 1),
(1468, 'Avelar', 134, 1),
(1469, 'Chão de Couce', 134, 1),
(1470, 'Pousaflores', 134, 1),
(1471, 'Santiago da Guarda', 134, 1),
(1472, 'Ansião', 134, 1),
(1473, 'Batalha', 135, 1),
(1474, 'Reguengo do Fetal', 135, 1),
(1475, 'S. Mamede', 135, 1),
(1476, 'Golpilheira', 135, 1),
(1477, 'Carvalhal', 136, 1),
(1478, 'Roliça', 136, 1),
(1479, 'Po', 136, 1),
(1480, 'União das Freguesias do Bombarral E Vale Covo', 136, 1),
(1481, 'A dos Francos', 137, 1),
(1482, 'Alvorninha', 137, 1),
(1483, 'Carvalhal Benfeito', 137, 1),
(1484, 'Foz do Arelho', 137, 1),
(1485, 'Landal', 137, 1),
(1486, 'Nadadouro', 137, 1),
(1487, 'Salir de Matos', 137, 1),
(1488, 'Santa Catarina', 137, 1),
(1489, 'Vidais', 137, 1),
(1490, 'União das Freguesias de Caldas da Rainha - Nossa Senhora do Pópulo, Coto E São Gregório', 137, 1),
(1491, 'União das Freguesias de Caldas da Rainha - Santo Onofre E Serra do Bouro', 137, 1),
(1492, 'União das Freguesias de Tornada E Salir do Porto', 137, 1),
(1493, 'União das Freguesias de Castanheira de Pêra E Coentral', 138, 1),
(1494, 'Aguda', 139, 1),
(1495, 'Arega', 139, 1),
(1496, 'Campelo', 139, 1),
(1497, 'União das Freguesias de Figueiró dos Vinhos E Bairradas', 139, 1),
(1498, 'Amor', 140, 1),
(1499, 'Arrabal', 140, 1),
(1500, 'Caranguejeira', 140, 1),
(1501, 'Coimbrão', 140, 1),
(1502, 'Maceira', 140, 1),
(1503, 'Milagres', 140, 1),
(1504, 'Regueira de Pontes', 140, 1),
(1505, 'Bajouca', 140, 1),
(1506, 'Bidoeira de Cima', 140, 1),
(1507, 'União das Freguesias de Colmeias E Memória', 140, 1),
(1508, 'União das Freguesias de Leiria, Pousos, Barreira E Cortes', 140, 1),
(1509, 'União das Freguesias de Marrazes E Barosa', 140, 1),
(1510, 'União das Freguesias de Monte Real E Carvide', 140, 1),
(1511, 'União das Freguesias de Monte Redondo E Carreira', 140, 1),
(1512, 'União das Freguesias de Parceiros E Azoia', 140, 1),
(1513, 'União das Freguesias de Santa Catarina da Serra E Chainça', 140, 1),
(1514, 'União das Freguesias de Santa Eufémia E Boa Vista', 140, 1),
(1515, 'União das Freguesias de Souto da Carpalhosa E Ortigosa', 140, 1),
(1516, 'Marinha Grande', 141, 1),
(1517, 'Vieira de Leiria', 141, 1),
(1518, 'Moita', 141, 1),
(1519, 'Famalicão', 142, 1),
(1520, 'Nazare', 142, 1),
(1521, 'Valado dos Frades', 142, 1),
(1522, 'A dos Negros', 143, 1),
(1523, 'Amoreira', 143, 1),
(1524, 'Olho Marinho', 143, 1),
(1525, 'Vau', 143, 1),
(1526, 'Gaeiras', 143, 1),
(1527, 'Usseira', 143, 1),
(1528, 'Santa Maria, São Pedro E Sobral da Lagoa', 143, 1),
(1529, 'Graça', 144, 1),
(1530, 'Pedrogão Grande', 144, 1),
(1531, 'Vila Facaia', 144, 1),
(1532, 'Atouguia da Baleia', 145, 1),
(1533, 'Serra Del-Rei', 145, 1),
(1534, 'Ferrel', 145, 1),
(1535, 'Peniche', 145, 1),
(1536, 'Abiul', 146, 1),
(1537, 'Almagreira', 146, 1),
(1538, 'Carnide', 146, 1),
(1539, 'Carriço', 146, 1),
(1540, 'Louriçal', 146, 1),
(1541, 'Pelariga', 146, 1),
(1542, 'Pombal', 146, 1),
(1543, 'Redinha', 146, 1),
(1544, 'Vermoil', 146, 1),
(1545, 'Vila Cã', 146, 1),
(1546, 'Meirinhas', 146, 1),
(1547, 'União das Freguesias de Guia, Ilha E Mata Mourisca', 146, 1),
(1548, 'União das Freguesias de Santiago E São Simão de Litém E Albergaria dos Doze', 146, 1),
(1549, 'Alqueidão da Serra', 147, 1),
(1550, 'Calvaria de Cima', 147, 1),
(1551, 'Juncal', 147, 1),
(1552, 'Mira de Aire', 147, 1),
(1553, 'Pedreiras', 147, 1),
(1554, 'S. Bento', 147, 1),
(1555, 'Serro Ventoso', 147, 1),
(1556, 'Porto de Mós - São João Baptista E São Pedro', 147, 1),
(1557, 'União das Freguesias de Alvados E Alcaria', 147, 1),
(1558, 'União das Freguesias de Arrimal E Mendiga', 147, 1),
(1559, 'Carnota', 148, 1),
(1560, 'Meca', 148, 1),
(1561, 'Olhalvo', 148, 1),
(1562, 'Ota', 148, 1),
(1563, 'Ventosa', 148, 1),
(1564, 'Vila Verde dos Francos', 148, 1),
(1565, 'União das Freguesias de Abrigada E Cabanas de Torres', 148, 1),
(1566, 'União das Freguesias de Aldeia Galega da Merceana E Aldeia Gavinha', 148, 1),
(1567, 'União das Freguesias de Alenquer (santo Estêvão E Triana)', 148, 1),
(1568, 'União das Freguesias de Carregado E Cadafais', 148, 1),
(1569, 'União das Freguesias de Ribafria E Pereiro de Palhacana', 148, 1),
(1570, 'Arranho', 149, 1),
(1571, 'Arruda dos Vinhos', 149, 1),
(1572, 'Cardosas', 149, 1),
(1573, 'Santiago dos Velhos', 149, 1),
(1574, 'Alcoentre', 150, 1),
(1575, 'Aveiras de Baixo', 150, 1),
(1576, 'Aveiras de Cima', 150, 1),
(1577, 'Azambuja', 150, 1),
(1578, 'Vale do Paraiso', 150, 1),
(1579, 'Vila Nova da Rainha', 150, 1),
(1580, 'União das Freguesias de Manique do Intendente, Vila Nova de São Pedro E Maçussa', 150, 1),
(1581, 'Alguber', 151, 1),
(1582, 'Peral', 151, 1),
(1583, 'Vermelha', 151, 1),
(1584, 'Vilar', 151, 1),
(1585, 'União das Freguesias do Cadaval E Pêro Moniz', 151, 1),
(1586, 'União das Freguesias de Lamas E Cercal', 151, 1),
(1587, 'União das Freguesias de Painho E Figueiros', 151, 1),
(1588, 'Alcabideche', 152, 1),
(1589, 'S. Domingos de Rana', 152, 1),
(1590, 'União das Freguesias de Carcavelos E Parede', 152, 1),
(1591, 'União das Freguesias de Cascais E Estoril', 152, 1),
(1592, 'Ajuda', 153, 1),
(1593, 'Alcantara', 153, 1),
(1594, 'Beato', 153, 1),
(1595, 'Benfica', 153, 1),
(1596, 'Campolide', 153, 1),
(1597, 'Carnide', 153, 1),
(1598, 'Lumiar', 153, 1),
(1599, 'Marvila', 153, 1),
(1600, 'Olivais', 153, 1),
(1601, 'S. Domingos de Benfica', 153, 1),
(1602, 'Alvalade', 153, 1),
(1603, 'Areeiro', 153, 1),
(1604, 'Arroios', 153, 1),
(1605, 'Avenidas Novas', 153, 1),
(1606, 'Belém', 153, 1),
(1607, 'Campo de Ourique', 153, 1),
(1608, 'Estrela', 153, 1),
(1609, 'Misericórdia', 153, 1),
(1610, 'Parque das Nações', 153, 1),
(1611, 'Penha de França', 153, 1),
(1612, 'Santa Clara', 153, 1),
(1613, 'Santa Maria Maior', 153, 1),
(1614, 'Santo António', 153, 1),
(1615, 'São Vicente', 153, 1),
(1616, 'Bucelas', 154, 1),
(1617, 'Fanhões', 154, 1),
(1618, 'Loures', 154, 1),
(1619, 'Lousa', 154, 1),
(1620, 'União das Freguesias de Moscavide E Portela', 154, 1),
(1621, 'União das Freguesias de Sacavém E Prior Velho', 154, 1),
(1622, 'União das Freguesias de Santa Iria de Azoia, São João da Talha E Bobadela', 154, 1),
(1623, 'União das Freguesias de Santo Antão E São Julião do Tojal', 154, 1),
(1624, 'União das Freguesias de Santo António dos Cavaleiros E Frielas', 154, 1),
(1625, 'União das Freguesias de Camarate, Unhos E Apelação', 154, 1),
(1626, 'Moita dos Ferreiros', 155, 1),
(1627, 'Reguengo Grande', 155, 1),
(1628, 'Santa Barbara', 155, 1),
(1629, 'Vimeiro', 155, 1),
(1630, 'Ribamar', 155, 1),
(1631, 'União das Freguesias de Lourinhã E Atalaia', 155, 1),
(1632, 'União das Freguesias de Miragaia E Marteleira', 155, 1),
(1633, 'União das Freguesias de São Bartolomeu dos Galegos E Moledo', 155, 1),
(1634, 'Carvoeira', 156, 1),
(1635, 'Encarnação', 156, 1),
(1636, 'Ericeira', 156, 1),
(1637, 'Mafra', 156, 1),
(1638, 'Milharado', 156, 1),
(1639, 'Santo Isidoro', 156, 1),
(1640, 'União das Freguesias de Azueira E Sobral da Abelheira', 156, 1),
(1641, 'União das Freguesias de Enxara do Bispo, Gradil E Vila Franca do Rosário', 156, 1),
(1642, 'União das Freguesias de Igreja Nova E Cheleiros', 156, 1),
(1643, 'União das Freguesias de Malveira E São Miguel de Alcainça', 156, 1),
(1644, 'União das Freguesias de Venda do Pinheiro E Santo Estêvão das Galés', 156, 1),
(1645, 'Barcarena', 157, 1),
(1646, 'Porto Salvo', 157, 1),
(1647, 'União das Freguesias de Algés, Linda-A-Velha E Cruz Quebrada-Dafundo', 157, 1),
(1648, 'União das Freguesias de Carnaxide E Queijas', 157, 1),
(1649, 'União das Freguesias de Oeiras E São Julião da Barra, Paço de Arcos E Caxias', 157, 1),
(1650, 'Algueirão-Mem Martins', 158, 1),
(1651, 'Colares', 158, 1),
(1652, 'Rio de Mouro', 158, 1),
(1653, 'Casal de Cambra', 158, 1),
(1654, 'União das Freguesias de Agualva E Mira-Sintra', 158, 1),
(1655, 'União das Freguesias de Almargem do Bispo, Pêro Pinheiro E Montelavar', 158, 1),
(1656, 'União das Freguesias do Cacém E São Marcos', 158, 1),
(1657, 'União das Freguesias de Massamá E Monte Abraão', 158, 1),
(1658, 'União das Freguesias de Queluz E Belas', 158, 1),
(1659, 'União das Freguesias de São João das Lampas E Terrugem', 158, 1),
(1660, 'União das Freguesias de Sintra (santa Maria E São Miguel, São Martinho E São Pedro de Penaferrim)', 158, 1),
(1661, 'Santo Quintino', 159, 1),
(1662, 'Sapataria', 159, 1),
(1663, 'Sobral de Monte Agraço', 159, 1),
(1664, 'Freiria', 160, 1),
(1665, 'Ponte do Rol', 160, 1),
(1666, 'Ramalhal', 160, 1),
(1667, 'S. Pedro da Cadeira', 160, 1),
(1668, 'Silveira', 160, 1),
(1669, 'Turcifal', 160, 1),
(1670, 'Ventosa', 160, 1),
(1671, 'União das Freguesias de A dos Cunhados E Maceira', 160, 1),
(1672, 'União das Freguesias de Campelos E Outeiro da Cabeça', 160, 1),
(1673, 'União das Freguesias de Carvoeira E Carmões', 160, 1),
(1674, 'União das Freguesias de Dois Portos E Runa', 160, 1),
(1675, 'União das Freguesias de Maxial E Monte Redondo', 160, 1),
(1676, 'União das Freguesias de Torres Vedras (são Pedro, Santiago, Santa Maria do Castelo E São Miguel) E Matacães', 160, 1),
(1677, 'Vialonga', 161, 1),
(1678, 'Vila Franca de Xira', 161, 1),
(1679, 'União das Freguesias de Alhandra, São João dos Montes E Calhandriz', 161, 1),
(1680, 'União das Freguesias de Alverca do Ribatejo E Sobralinho', 161, 1),
(1681, 'União das Freguesias de Castanheira do Ribatejo E Cachoeiras', 161, 1),
(1682, 'União das Freguesias de Póvoa de Santa Iria E Forte da Casa', 161, 1),
(1683, 'Alfragide', 162, 1),
(1684, 'Águas Livres', 162, 1),
(1685, 'Encosta do Sol', 162, 1),
(1686, 'Falagueira-Venda Nova', 162, 1),
(1687, 'Mina de Água', 162, 1),
(1688, 'Venteira', 162, 1),
(1689, 'Odivelas', 163, 1),
(1690, 'União das Freguesias de Pontinha E Famões', 163, 1),
(1691, 'União das Freguesias de Póvoa de Santo Adrião E Olival Basto', 163, 1),
(1692, 'União das Freguesias de Ramada E Caneças', 163, 1),
(1693, 'Alter do Chão', 164, 1),
(1694, 'Chancelaria', 164, 1),
(1695, 'Seda', 164, 1),
(1696, 'Cunheira', 164, 1),
(1697, 'Assunção', 165, 1),
(1698, 'Esperança', 165, 1),
(1699, 'Mosteiros', 165, 1),
(1700, 'Aldeia Velha', 166, 1),
(1701, 'Avis', 166, 1),
(1702, 'Ervedal', 166, 1),
(1703, 'Figueira E Barros', 166, 1),
(1704, 'União das Freguesias de Alcórrego E Maranhão', 166, 1),
(1705, 'União das Freguesias de Benavila E Valongo', 166, 1),
(1706, 'Nossa Senhora da Expectação', 167, 1),
(1707, 'Nossa Senhora da Graça dos Degolados', 167, 1),
(1708, 'S. João Baptista', 167, 1),
(1709, 'Nossa Senhora da Graça de Povoa E Meadas', 168, 1),
(1710, 'Santa Maria da Devesa', 168, 1),
(1711, 'Santiago Maior', 168, 1),
(1712, 'S. João Baptista', 168, 1),
(1713, 'Aldeia da Mata', 169, 1),
(1714, 'Gafete', 169, 1),
(1715, 'Monte da Pedra', 169, 1),
(1716, 'União das Freguesias de Crato E Mártires, Flor da Rosa E Vale do Peso', 169, 1),
(1717, 'Santa Eulalia', 170, 1),
(1718, 'S. Bras E S. Lourenço', 170, 1),
(1719, 'S. Vicente E Ventosa', 170, 1),
(1720, 'Assunção, Ajuda, Salvador E Santo Ildefonso', 170, 1),
(1721, 'Caia, São Pedro E Alcáçova', 170, 1),
(1722, 'União das Freguesias de Barbacena E Vila Fernando', 170, 1),
(1723, 'União das Freguesias de Terrugem E Vila Boim', 170, 1),
(1724, 'Cabeço de Vide', 171, 1),
(1725, 'Fronteira', 171, 1),
(1726, 'S. Saturnino', 171, 1),
(1727, 'Belver', 172, 1),
(1728, 'Comenda', 172, 1),
(1729, 'Margem', 172, 1),
(1730, 'União das Freguesias de Gavião E Atalaia', 172, 1),
(1731, 'Beirã', 173, 1),
(1732, 'Santa Maria de Marvão', 173, 1),
(1733, 'Santo Antonio das Areias', 173, 1),
(1734, 'S. Salvador da Aramenha', 173, 1),
(1735, 'Assumar', 174, 1),
(1736, 'Monforte', 174, 1),
(1737, 'Santo Aleixo', 174, 1),
(1738, 'Vaiamonte', 174, 1),
(1739, 'Alpalhão', 175, 1),
(1740, 'Montalvão', 175, 1),
(1741, 'Santana', 175, 1),
(1742, 'S. Matias', 175, 1),
(1743, 'Tolosa', 175, 1),
(1744, 'União das Freguesias de Arez E Amieira do Tejo', 175, 1),
(1745, 'União das Freguesias de Espírito Santo, Nossa Senhora da Graça E São Simão', 175, 1),
(1746, 'Galveias', 176, 1),
(1747, 'Montargil', 176, 1),
(1748, 'Foros de Arrão', 176, 1),
(1749, 'Longomel', 176, 1),
(1750, 'União das Freguesias de Ponte de Sor, Tramaga E Vale de Açor', 176, 1),
(1751, 'Alagoa', 177, 1),
(1752, 'Alegrete', 177, 1),
(1753, 'Fortios', 177, 1),
(1754, 'Urra', 177, 1),
(1755, 'União das Freguesias da Sé E São Lourenço', 177, 1),
(1756, 'União das Freguesias de Reguengo E São Julião', 177, 1),
(1757, 'União das Freguesias de Ribeira de Nisa E Carreiras', 177, 1),
(1758, 'Cano', 178, 1),
(1759, 'Casa Branca', 178, 1),
(1760, 'Santo Amaro', 178, 1),
(1761, 'Sousel', 178, 1),
(1762, 'Ansiães', 179, 1),
(1763, 'Candemil', 179, 1),
(1764, 'Fregim', 179, 1),
(1765, 'Fridão', 179, 1),
(1766, 'Gondar', 179, 1),
(1767, 'Jazente', 179, 1),
(1768, 'Lomba', 179, 1),
(1769, 'Louredo', 179, 1),
(1770, 'Lufrei', 179, 1),
(1771, 'Mancelos', 179, 1),
(1772, 'Padronelo', 179, 1),
(1773, 'Rebordelo', 179, 1),
(1774, 'Salvador do Monte', 179, 1),
(1775, 'Gouveia (s. Simão)', 179, 1),
(1776, 'Telões', 179, 1),
(1777, 'Travanca', 179, 1),
(1778, 'Vila Caiz', 179, 1),
(1779, 'Vila Chão do Marão', 179, 1),
(1780, 'União das Freguesias de Aboadela, Sanche E Várzea', 179, 1),
(1781, 'União das Freguesias de Amarante (são Gonçalo), Madalena, Cepelos E Gatão', 179, 1),
(1782, 'União das Freguesias de Bustelo, Carneiro E Carvalho de Rei', 179, 1),
(1783, 'União das Freguesias de Figueiró (santiago E Santa Cristina)', 179, 1),
(1784, 'União das Freguesias de Freixo de Cima E de Baixo', 179, 1),
(1785, 'União das Freguesias de Olo E Canadelo', 179, 1),
(1786, 'União das Freguesias de Real, Ataíde E Oliveira', 179, 1),
(1787, 'União das Freguesias de Vila Garcia, Aboim E Chapa', 179, 1),
(1788, 'Frende', 180, 1),
(1789, 'Gestaço', 180, 1),
(1790, 'Gove', 180, 1),
(1791, 'Grilo', 180, 1),
(1792, 'Loivos do Monte', 180, 1),
(1793, 'Santa Marinha do Zezere', 180, 1),
(1794, 'Valadares', 180, 1),
(1795, 'Viariz', 180, 1),
(1796, 'União das Freguesias de Ancede E Ribadouro', 180, 1),
(1797, 'União das Freguesias de Baião (santa Leocádia) E Mesquinhata', 180, 1),
(1798, 'União das Freguesias de Campelo E Ovil', 180, 1),
(1799, 'União das Freguesias de Loivos da Ribeira E Tresouras', 180, 1),
(1800, 'União das Freguesias de Santa Cruz do Douro E São Tomé de Covelas', 180, 1),
(1801, 'União das Freguesias de Teixeira E Teixeiró', 180, 1),
(1802, 'Aião', 181, 1),
(1803, 'Airães', 181, 1),
(1804, 'Friande', 181, 1),
(1805, 'Idães', 181, 1),
(1806, 'Jugueiros', 181, 1),
(1807, 'Penacova', 181, 1),
(1808, 'Pinheiro', 181, 1),
(1809, 'Pombeiro de Ribavizela', 181, 1),
(1810, 'Refontoura', 181, 1),
(1811, 'Regilde', 181, 1),
(1812, 'Revinhade', 181, 1),
(1813, 'Sendim', 181, 1),
(1814, 'União das Freguesias de Macieira da Lixa E Caramos', 181, 1),
(1815, 'União das Freguesias de Margaride (santa Eulália), Várzea, Lagares, Varziela E Moure', 181, 1),
(1816, 'União das Freguesias de Pedreira, Rande E Sernande', 181, 1),
(1817, 'União das Freguesias de Torrados E Sousa', 181, 1),
(1818, 'União das Freguesias de Unhão E Lordelo', 181, 1),
(1819, 'União das Freguesias de Vila Cova da Lixa E Borba de Godim', 181, 1),
(1820, 'União das Freguesias de Vila Fria E Vizela (são Jorge)', 181, 1),
(1821, 'União das Freguesias de Vila Verde E Santão', 181, 1),
(1822, 'Lomba', 182, 1),
(1823, 'Rio Tinto', 182, 1),
(1824, 'Baguim do Monte (rio Tinto)', 182, 1),
(1825, 'União das Freguesias de Fânzeres E São Pedro da Cova', 182, 1),
(1826, 'União das Freguesias de Foz do Sousa E Covelo', 182, 1),
(1827, 'União das Freguesias de Gondomar (são Cosme), Valbom E Jovim', 182, 1),
(1828, 'União das Freguesias de Melres E Medas', 182, 1),
(1829, 'Aveleda', 183, 1),
(1830, 'Caide de Rei', 183, 1),
(1831, 'Lodares', 183, 1),
(1832, 'Macieira', 183, 1),
(1833, 'Meinedo', 183, 1),
(1834, 'Nevogilde', 183, 1),
(1835, 'Sousela', 183, 1),
(1836, 'Torno', 183, 1),
(1837, 'Vilar do Torno E Alentem', 183, 1),
(1838, 'União das Freguesias de Cernadelo E Lousada (são Miguel E Santa Margarida)', 183, 1),
(1839, 'União das Freguesias de Cristelos, Boim E Ordem', 183, 1),
(1840, 'União das Freguesias de Figueiras E Covas', 183, 1),
(1841, 'União das Freguesias de Lustosa E Barrosas (santo Estêvão)', 183, 1),
(1842, 'União das Freguesias de Nespereira E Casais', 183, 1),
(1843, 'União das Freguesias de Silvares, Pias, Nogueira E Alvarenga', 183, 1),
(1844, 'Aguas Santas', 184, 1),
(1845, 'Folgosa', 184, 1),
(1846, 'Milheiros', 184, 1),
(1847, 'Moreira', 184, 1),
(1848, 'S. Pedro Fins', 184, 1),
(1849, 'Vila Nova da Telha', 184, 1),
(1850, 'Pedrouços', 184, 1),
(1851, 'Castêlo da Maia', 184, 1),
(1852, 'Cidade da Maia', 184, 1),
(1853, 'Nogueira E Silva Escura', 184, 1),
(1854, 'Banho E Carvalhosa', 185, 1),
(1855, 'Constance', 185, 1),
(1856, 'Soalhães', 185, 1),
(1857, 'Sobretamega', 185, 1),
(1858, 'Tabuado', 185, 1),
(1859, 'Vila Boa do Bispo', 185, 1),
(1860, 'Alpendorada, Várzea E Torrão', 185, 1),
(1861, 'Avessadas E Rosém', 185, 1),
(1862, 'Bem Viver', 185, 1),
(1863, 'Livração', 185, 1),
(1864, 'Marco', 185, 1),
(1865, 'Paredes de Viadores E Manhuncelos', 185, 1),
(1866, 'Penhalonga E Paços de Gaiolo', 185, 1),
(1867, 'Sande E São Lourenço', 185, 1),
(1868, 'Várzea, Aliviada E Folhada', 185, 1),
(1869, 'Vila Boa de Quires E Maureles', 185, 1),
(1870, 'União das Freguesias de Custóias, Leça do Balio E Guifões', 186, 1),
(1871, 'União das Freguesias de Matosinhos E Leça da Palmeira', 186, 1),
(1872, 'União das Freguesias de Perafita, Lavra E Santa Cruz do Bispo', 186, 1),
(1873, 'União das Freguesias de São Mamede de Infesta E Senhora da Hora', 186, 1),
(1874, 'Carvalhosa', 187, 1),
(1875, 'Eiriz', 187, 1),
(1876, 'Ferreira', 187, 1),
(1877, 'Figueiro', 187, 1),
(1878, 'Freamunde', 187, 1),
(1879, 'Meixomil', 187, 1),
(1880, 'Penamaior', 187, 1),
(1881, 'Raimonda', 187, 1),
(1882, 'Seroa', 187, 1),
(1883, 'Frazão Arreigada', 187, 1),
(1884, 'Paços de Ferreira', 187, 1),
(1885, 'Sanfins Lamoso Codessos', 187, 1),
(1886, 'Aguiar de Sousa', 188, 1),
(1887, 'Astromil', 188, 1),
(1888, 'Baltar', 188, 1),
(1889, 'Beire', 188, 1),
(1890, 'Cete', 188, 1),
(1891, 'Cristelo', 188, 1),
(1892, 'Duas Igrejas', 188, 1),
(1893, 'Gandra', 188, 1),
(1894, 'Lordelo', 188, 1),
(1895, 'Louredo', 188, 1),
(1896, 'Parada de Todeia', 188, 1),
(1897, 'Rebordosa', 188, 1),
(1898, 'Recarei', 188, 1),
(1899, 'Sobreira', 188, 1),
(1900, 'Sobrosa', 188, 1),
(1901, 'Vandoma', 188, 1),
(1902, 'Vilela', 188, 1),
(1903, 'Paredes', 188, 1),
(1904, 'Abragão', 189, 1),
(1905, 'Boelhe', 189, 1),
(1906, 'Bustelo', 189, 1),
(1907, 'Cabeça Santa', 189, 1),
(1908, 'Canelas', 189, 1),
(1909, 'Capela', 189, 1),
(1910, 'Castelões', 189, 1),
(1911, 'Croca', 189, 1),
(1912, 'Duas Igrejas', 189, 1),
(1913, 'Eja', 189, 1),
(1914, 'Fonte Arcada', 189, 1),
(1915, 'Galegos', 189, 1),
(1916, 'Irivo', 189, 1),
(1917, 'Oldrões', 189, 1),
(1918, 'Paço de Sousa', 189, 1),
(1919, 'Perozelo', 189, 1),
(1920, 'Rans', 189, 1),
(1921, 'Rio de Moinhos', 189, 1),
(1922, 'Recezinhos (s. Mamede)', 189, 1),
(1923, 'Recezinhos (s. Martinho)', 189, 1),
(1924, 'Sebolido', 189, 1),
(1925, 'Valpedre', 189, 1),
(1926, 'Rio Mau', 189, 1),
(1927, 'Penafiel', 189, 1),
(1928, 'Luzim E Vila Cova', 189, 1),
(1929, 'Guilhufe E Urrô', 189, 1),
(1930, 'Lagares E Figueira', 189, 1),
(1931, 'Termas de São Vicente', 189, 1),
(1932, 'Bonfim', 190, 1),
(1933, 'Campanhã', 190, 1),
(1934, 'Paranhos', 190, 1),
(1935, 'Ramalde', 190, 1),
(1936, 'União das Freguesias de Aldoar, Foz do Douro E Nevogilde', 190, 1),
(1937, 'União das Freguesias de Cedofeita, Santo Ildefonso, Sé, Miragaia, São Nicolau E Vitória', 190, 1),
(1938, 'União das Freguesias de Lordelo do Ouro E Massarelos', 190, 1),
(1939, 'Balazar', 191, 1),
(1940, 'Estela', 191, 1),
(1941, 'Laundos', 191, 1),
(1942, 'Rates', 191, 1),
(1943, 'União das Freguesias de Aver-O-Mar, Amorim E Terroso', 191, 1),
(1944, 'União das Freguesias de Aguçadoura E Navais', 191, 1),
(1945, 'União das Freguesias da Póvoa de Varzim, Beiriz E Argivai', 191, 1),
(1946, 'Agrela', 192, 1),
(1947, 'Agua Longa', 192, 1),
(1948, 'Aves', 192, 1),
(1949, 'Monte Cordova', 192, 1),
(1950, 'Rebordões', 192, 1),
(1951, 'Reguenga', 192, 1),
(1952, 'Roriz', 192, 1),
(1953, 'Negrelos (s. Tome)', 192, 1),
(1954, 'Vilarinho', 192, 1),
(1955, 'União das Freguesias de Areias, Sequeiró, Lama E Palmeira', 192, 1),
(1956, 'União das Freguesias de Campo (são Martinho), São Salvador do Campo E Negrelos (são Mamede)', 192, 1),
(1957, 'União das Freguesias de Carreira E Refojos de Riba de Ave', 192, 1),
(1958, 'União das Freguesias de Lamelas E Guimarei', 192, 1),
(1959, 'União das Freguesias de Santo Tirso, Couto (santa Cristina E São Miguel) E Burgães', 192, 1),
(1960, 'Alfena', 193, 1),
(1961, 'Ermesinde', 193, 1),
(1962, 'Valongo', 193, 1),
(1963, 'União das Freguesias de Campo E Sobrado', 193, 1),
(1964, 'Arvore', 194, 1),
(1965, 'Aveleda', 194, 1),
(1966, 'Azurara', 194, 1),
(1967, 'Fajozes', 194, 1),
(1968, 'Gião', 194, 1),
(1969, 'Guilhabreu', 194, 1),
(1970, 'Junqueira', 194, 1),
(1971, 'Labruge', 194, 1),
(1972, 'Macieira da Maia', 194, 1),
(1973, 'Mindelo', 194, 1),
(1974, 'Modivas', 194, 1),
(1975, 'Vila Chã', 194, 1),
(1976, 'Vila do Conde', 194, 1),
(1977, 'Vilar de Pinheiro', 194, 1),
(1978, 'União das Freguesias de Bagunte, Ferreiró, Outeiro Maior E Parada', 194, 1),
(1979, 'União das Freguesias de Fornelo E Vairão', 194, 1),
(1980, 'União das Freguesias de Malta E Canidelo', 194, 1),
(1981, 'União das Freguesias de Retorta E Tougues', 194, 1),
(1982, 'União das Freguesias de Rio Mau E Arcos', 194, 1),
(1983, 'União das Freguesias de Touguinha E Touguinhó', 194, 1),
(1984, 'União das Freguesias de Vilar E Mosteiró', 194, 1),
(1985, 'Arcozelo', 195, 1),
(1986, 'Avintes', 195, 1),
(1987, 'Canelas', 195, 1),
(1988, 'Canidelo', 195, 1),
(1989, 'Madalena', 195, 1),
(1990, 'Oliveira do Douro', 195, 1),
(1991, 'S. Felix da Marinha', 195, 1),
(1992, 'Vilar de Andorinho', 195, 1),
(1993, 'União das Freguesias de Grijó E Sermonde', 195, 1),
(1994, 'União das Freguesias de Gulpilhares E Valadares', 195, 1),
(1995, 'União das Freguesias de Mafamude E Vilar do Paraíso', 195, 1),
(1996, 'União das Freguesias de Pedroso E Seixezelo', 195, 1),
(1997, 'União das Freguesias de Sandim, Olival, Lever E Crestuma', 195, 1),
(1998, 'União das Freguesias de Santa Marinha E São Pedro da Afurada', 195, 1),
(1999, 'União das Freguesias de Serzedo E Perosinho', 195, 1),
(2000, 'Covelas', 196, 1),
(2001, 'Muro', 196, 1),
(2002, 'União das Freguesias de Alvarelhos E Guidões', 196, 1),
(2003, 'União das Freguesias de Bougado (são Martinho E Santiago)', 196, 1),
(2004, 'União das Freguesias de Coronado (são Romão E São Mamede)', 196, 1),
(2005, 'Bemposta', 197, 1),
(2006, 'Martinchel', 197, 1),
(2007, 'Mouriscas', 197, 1),
(2008, 'Pego', 197, 1),
(2009, 'Rio de Moinhos', 197, 1),
(2010, 'Tramagal', 197, 1),
(2011, 'Fontes', 197, 1),
(2012, 'Carvalhal', 197, 1),
(2013, 'União das Freguesias de Abrantes (são Vicente E São João) E Alferrarede', 197, 1),
(2014, 'União das Freguesias de Aldeia do Mato E Souto', 197, 1),
(2015, 'União das Freguesias de Alvega E Concavada', 197, 1),
(2016, 'União das Freguesias de São Facundo E Vale das Mós', 197, 1),
(2017, 'União das Freguesias de São Miguel do Rio Torto E Rossio Ao Sul do Tejo', 197, 1),
(2018, 'Bugalhos', 198, 1),
(2019, 'Minde', 198, 1),
(2020, 'Moitas Venda', 198, 1),
(2021, 'Monsanto', 198, 1),
(2022, 'Serra de Santo Antonio', 198, 1),
(2023, 'União das Freguesias de Alcanena E Vila Moreira', 198, 1),
(2024, 'União das Freguesias de Malhou, Louriceira E Espinheiro', 198, 1),
(2025, 'Almeirim', 199, 1),
(2026, 'Benfica do Ribatejo', 199, 1),
(2027, 'Fazendas de Almeirim', 199, 1),
(2028, 'Raposa', 199, 1),
(2029, 'Alpiarça', 200, 1),
(2030, 'Benavente', 201, 1),
(2031, 'Samora Correia', 201, 1),
(2032, 'Santo Estevão', 201, 1),
(2033, 'Barrosa', 201, 1),
(2034, 'Pontevel', 202, 1),
(2035, 'Valada', 202, 1),
(2036, 'Vila Chã de Ourique', 202, 1),
(2037, 'Vale da Pedra', 202, 1),
(2038, 'União das Freguesias do Cartaxo E Vale da Pinta', 202, 1),
(2039, 'União das Freguesias de Ereira E Lapa', 202, 1),
(2040, 'Ulme', 203, 1),
(2041, 'Vale de Cavalos', 203, 1),
(2042, 'Carregueira', 203, 1),
(2043, 'União das Freguesias da Chamusca E Pinheiro Grande', 203, 1),
(2044, 'União das Freguesias de Parreira E Chouto', 203, 1),
(2045, 'Constancia', 204, 1),
(2046, 'Montalvo', 204, 1),
(2047, 'Santa Margarida da Coutada', 204, 1),
(2048, 'Couço', 205, 1),
(2049, 'S. Jose da Lamarosa', 205, 1),
(2050, 'Branca', 205, 1),
(2051, 'Biscainho', 205, 1),
(2052, 'Santana do Mato', 205, 1),
(2053, 'União das Freguesias de Coruche, Fajarda E Erra', 205, 1),
(2054, 'Nossa Sra de Fatima', 206, 1),
(2055, 'São João Baptista', 206, 1),
(2056, 'Aguas Belas', 207, 1),
(2057, 'Beco', 207, 1),
(2058, 'Chãos', 207, 1),
(2059, 'Ferreira do Zezere', 207, 1),
(2060, 'Igreja Nova do Sobral', 207, 1),
(2061, 'Nossa Senhora do Pranto', 207, 1),
(2062, 'União das Freguesias de Areias E Pias', 207, 1),
(2063, 'Azinhaga', 208, 1),
(2064, 'Golegã', 208, 1),
(2065, 'Pombalinho', 208, 1),
(2066, 'Amendoa', 209, 1),
(2067, 'Cardigos', 209, 1),
(2068, 'Carvoeiro', 209, 1),
(2069, 'Envendos', 209, 1),
(2070, 'Ortiga', 209, 1),
(2071, 'União das Freguesias de Mação, Penhascoso E Aboboreira', 209, 1),
(2072, 'Alcobertas', 210, 1),
(2073, 'Arrouquelas', 210, 1),
(2074, 'Fraguas', 210, 1),
(2075, 'Rio Maior', 210, 1),
(2076, 'Asseiceira', 210, 1),
(2077, 'S. Sebastião', 210, 1),
(2078, 'União das Freguesias de Azambujeira E Malaqueijo', 210, 1),
(2079, 'União das Freguesias de Marmeleira E Assentiz', 210, 1),
(2080, 'União das Freguesias de Outeiro da Cortiçada E Arruda dos Pisões', 210, 1),
(2081, 'União das Freguesias de São João da Ribeira E Ribeira de São João', 210, 1),
(2082, 'Marinhais', 211, 1),
(2083, 'Muge', 211, 1),
(2084, 'União das Freguesias de Glória do Ribatejo E Granho', 211, 1),
(2085, 'União das Freguesias de Salvaterra de Magos E Foros de Salvaterra', 211, 1),
(2086, 'Abitureiras', 212, 1),
(2087, 'Abrã', 212, 1),
(2088, 'Alcanede', 212, 1),
(2089, 'Alcanhões', 212, 1),
(2090, 'Almoster', 212, 1),
(2091, 'Amiais de Baixo', 212, 1),
(2092, 'Arneiro das Milhariças', 212, 1),
(2093, 'Moçarria', 212, 1),
(2094, 'Pernes', 212, 1),
(2095, 'Povoa da Isenta', 212, 1),
(2096, 'Vale de Santarem', 212, 1),
(2097, 'Gançaria', 212, 1),
(2098, 'União das Freguesias de Achete, Azoia de Baixo E Póvoa de Santarém', 212, 1),
(2099, 'União das Freguesias de Azoia de Cima E Tremês', 212, 1),
(2100, 'União das Freguesias de Casével E Vaqueiros', 212, 1),
(2101, 'União das Freguesias de Romeira E Várzea', 212, 1),
(2102, 'União das Freguesias de Santarém (marvila), Santa Iria da Ribeira de Santarém, Santarém (são Salvador) E Santarém (são Nicolau)', 212, 1),
(2103, 'União das Freguesias de São Vicente do Paul E Vale de Figueira', 212, 1),
(2104, 'Alcaravela', 213, 1),
(2105, 'Santiago de Montalegre', 213, 1),
(2106, 'Sardoal', 213, 1),
(2107, 'Valhascos', 213, 1),
(2108, 'Asseiceira', 214, 1),
(2109, 'Carregueiros', 214, 1),
(2110, 'Olalhas', 214, 1),
(2111, 'Paialvo', 214, 1),
(2112, 'S. Pedro de Tomar', 214, 1),
(2113, 'Sabacheira', 214, 1),
(2114, 'União das Freguesias de Além da Ribeira E Pedreira', 214, 1),
(2115, 'União das Freguesias de Casais E Alviobeira', 214, 1),
(2116, 'União das Freguesias de Madalena E Beselga', 214, 1),
(2117, 'União das Freguesias de Serra E Junceira', 214, 1),
(2118, 'União das Freguesias de Tomar (são João Baptista) E Santa Maria dos Olivais', 214, 1),
(2119, 'Assentiz', 215, 1),
(2120, 'Chancelaria', 215, 1),
(2121, 'Pedrogão', 215, 1),
(2122, 'Riachos', 215, 1),
(2123, 'Zibreira', 215, 1),
(2124, 'Meia Via', 215, 1),
(2125, 'União das Freguesias de Brogueira, Parceiros de Igreja E Alcorochel', 215, 1),
(2126, 'União das Freguesias de Olaia E Paço', 215, 1),
(2127, 'União das Freguesias de Torres Novas (santa Maria, Salvador E Santiago)', 215, 1),
(2128, 'União das Freguesias de Torres Novas (são Pedro), Lapas E Ribeira Branca', 215, 1),
(2129, 'Atalaia', 216, 1),
(2130, 'Praia do Ribatejo', 216, 1),
(2131, 'Tancos', 216, 1),
(2132, 'Vila Nova da Barquinha', 216, 1),
(2133, 'Alburitel', 217, 1),
(2134, 'Atouguia', 217, 1),
(2135, 'Caxarias', 217, 1),
(2136, 'Espite', 217, 1),
(2137, 'Fatima', 217, 1),
(2138, 'Nossa Senhora das Misericordias', 217, 1),
(2139, 'Seiça', 217, 1),
(2140, 'Urqueira', 217, 1),
(2141, 'Nossa Senhora da Piedade', 217, 1),
(2142, 'União das Freguesias de Freixianda, Ribeira do Fárrio E Formigais', 217, 1),
(2143, 'União das Freguesias de Gondemaria E Olival', 217, 1),
(2144, 'União das Freguesias de Matas E Cercal', 217, 1),
(2145, 'União das Freguesias de Rio de Couros E Casal dos Bernardos', 217, 1),
(2146, 'Torrão', 218, 1),
(2147, 'S. Martinho', 218, 1),
(2148, 'Comporta', 218, 1),
(2149, 'União das Freguesias de Alcácer do Sal (santa Maria do Castelo E Santiago) E Santa Susana', 218, 1),
(2150, 'Alcochete', 219, 1),
(2151, 'Samouco', 219, 1),
(2152, 'S. Francisco', 219, 1),
(2153, 'Costa da Caparica', 220, 1),
(2154, 'União das Freguesias de Almada, Cova da Piedade, Pragal E Cacilhas', 220, 1),
(2155, 'União das Freguesias de Caparica E Trafaria', 220, 1),
(2156, 'União das Freguesias de Charneca de Caparica E Sobreda', 220, 1),
(2157, 'União das Freguesias de Laranjeiro E Feijó', 220, 1),
(2158, 'Santo Antonio da Charneca', 221, 1),
(2159, 'União das Freguesias de Alto do Seixalinho, Santo André E Verderena', 221, 1),
(2160, 'União das Freguesias de Barreiro E Lavradio', 221, 1),
(2161, 'União das Freguesias de Palhais E Coina', 221, 1),
(2162, 'Azinheira dos Barros E São Mamede do Sádão', 222, 1),
(2163, 'Melides', 222, 1),
(2164, 'Carvalhal', 222, 1),
(2165, 'União das Freguesias de Grândola E Santa Margarida da Serra', 222, 1),
(2166, 'Alhos Vedros', 223, 1),
(2167, 'Moita', 223, 1),
(2168, 'União das Freguesias de Baixa da Banheira E Vale da Amoreira', 223, 1),
(2169, 'União das Freguesias de Gaio-Rosário E Sarilhos Pequenos', 223, 1),
(2170, 'Canha', 224, 1),
(2171, 'Sarilhos Grandes', 224, 1),
(2172, 'União das Freguesias de Atalaia E Alto Estanqueiro-Jardia', 224, 1),
(2173, 'União das Freguesias de Montijo E Afonsoeiro', 224, 1),
(2174, 'União das Freguesias de Pegões', 224, 1),
(2175, 'Palmela', 225, 1),
(2176, 'Pinhal Novo', 225, 1),
(2177, 'Quinta do Anjo', 225, 1),
(2178, 'União das Freguesias de Poceirão E Marateca', 225, 1),
(2179, 'Abela', 226, 1),
(2180, 'Alvalade', 226, 1),
(2181, 'Cercal', 226, 1),
(2182, 'Ermidas-Sado', 226, 1),
(2183, 'Santo Andre', 226, 1),
(2184, 'S. Francisco da Serra', 226, 1),
(2185, 'União das Freguesias de Santiago do Cacém, Santa Cruz E São Bartolomeu da Serra', 226, 1),
(2186, 'União das Freguesias de São Domingos E Vale de Água', 226, 1),
(2187, 'Amora', 227, 1),
(2188, 'Corroios', 227, 1),
(2189, 'Fernao Ferro', 227, 1),
(2190, 'União das Freguesias do Seixal, Arrentela E Aldeia de Paio Pires', 227, 1),
(2191, 'Sesimbra (castelo)', 228, 1),
(2192, 'Sesimbra (santiago)', 228, 1),
(2193, 'Quinta do Conde', 228, 1),
(2194, 'Setubal (s. Sebastião)', 229, 1),
(2195, 'Gambia-Pontes-Alto da Guerra', 229, 1),
(2196, 'Sado', 229, 1),
(2197, 'União das Freguesias de Azeitão (são Lourenço E São Simão)', 229, 1),
(2198, 'União das Freguesias de Setúbal (são Julião, Nossa Senhora da Anunciada E Santa Maria da Graça)', 229, 1),
(2199, 'Sines', 230, 1),
(2200, 'Porto Covo', 230, 1),
(2201, 'Aboim das Choças', 231, 1),
(2202, 'Aguiã', 231, 1),
(2203, 'Azere', 231, 1),
(2204, 'Cabana Maior', 231, 1),
(2205, 'Cabreiro', 231, 1),
(2206, 'Cendufe', 231, 1),
(2207, 'Couto', 231, 1),
(2208, 'Gavieira', 231, 1),
(2209, 'Gondoriz', 231, 1),
(2210, 'Miranda', 231, 1),
(2211, 'Monte Redondo', 231, 1),
(2212, 'Oliveira', 231, 1),
(2213, 'Paço', 231, 1),
(2214, 'Padroso', 231, 1),
(2215, 'Prozelo', 231, 1),
(2216, 'Rio Frio', 231, 1),
(2217, 'Rio de Moinhos', 231, 1),
(2218, 'Sabadim', 231, 1),
(2219, 'Jolda (s. Paio)', 231, 1),
(2220, 'Senharei', 231, 1),
(2221, 'Sistelo', 231, 1),
(2222, 'Soajo', 231, 1),
(2223, 'Vale', 231, 1),
(2224, 'União das Freguesias de Alvora E Loureda', 231, 1),
(2225, 'União das Freguesias de Arcos de Valdevez (são Paio) E Giela', 231, 1),
(2226, 'União das Freguesias de Arcos de Valdevez (salvador), Vila Fonche E Parada', 231, 1),
(2227, 'União das Freguesias de Eiras E Mei', 231, 1),
(2228, 'União das Freguesias de Grade E Carralcova', 231, 1),
(2229, 'União das Freguesias de Guilhadeses E Santar', 231, 1),
(2230, 'União das Freguesias de Jolda (madalena) E Rio Cabrão', 231, 1),
(2231, 'União das Freguesias de Padreiro (salvador E Santa Cristina)', 231, 1),
(2232, 'União das Freguesias de Portela E Extremo', 231, 1),
(2233, 'União das Freguesias de São Jorge E Ermelo', 231, 1),
(2234, 'União das Freguesias de Souto E Tabaçô', 231, 1),
(2235, 'União das Freguesias de Távora (santa Maria E São Vicente)', 231, 1),
(2236, 'União das Freguesias de Vilela, São Cosme E São Damião E Sá', 231, 1),
(2237, 'Ancora', 232, 1),
(2238, 'Argela', 232, 1),
(2239, 'Dem', 232, 1),
(2240, 'Lanhelas', 232, 1),
(2241, 'Riba de Ancora', 232, 1),
(2242, 'Seixas', 232, 1),
(2243, 'Vila Praia de Ancora', 232, 1),
(2244, 'Vilar de Mouros', 232, 1),
(2245, 'Vile', 232, 1),
(2246, 'União das Freguesias de Arga (baixo, Cima E São João)', 232, 1),
(2247, 'União das Freguesias de Caminha (matriz) E Vilarelho', 232, 1),
(2248, 'União das Freguesias de Gondar E Orbacém', 232, 1),
(2249, 'União das Freguesias de Moledo E Cristelo', 232, 1),
(2250, 'União das Freguesias de Venade E Azevedo', 232, 1),
(2251, 'Alvaredo', 233, 1),
(2252, 'Cousso', 233, 1),
(2253, 'Cristoval', 233, 1),
(2254, 'Fiães', 233, 1),
(2255, 'Gave', 233, 1),
(2256, 'Paderne', 233, 1),
(2257, 'Penso', 233, 1),
(2258, 'S. Paio', 233, 1),
(2259, 'União das Freguesias de Castro Laboreiro E Lamas de Mouro', 233, 1),
(2260, 'União das Freguesias de Chaviães E Paços', 233, 1),
(2261, 'União das Freguesias de Parada do Monte E Cubalhão', 233, 1),
(2262, 'União das Freguesias de Prado E Remoães', 233, 1),
(2263, 'União das Freguesias de Vila E Roussas', 233, 1),
(2264, 'Abedim', 234, 1),
(2265, 'Barbeita', 234, 1),
(2266, 'Barroças E Taias', 234, 1),
(2267, 'Bela', 234, 1),
(2268, 'Cambeses', 234, 1),
(2269, 'Lara', 234, 1),
(2270, 'Longos Vales', 234, 1),
(2271, 'Merufe', 234, 1),
(2272, 'Moreira', 234, 1),
(2273, 'Pias', 234, 1),
(2274, 'Pinheiros', 234, 1),
(2275, 'Podame', 234, 1),
(2276, 'Portela', 234, 1),
(2277, 'Riba de Mouro', 234, 1),
(2278, 'Segude', 234, 1),
(2279, 'Tangil', 234, 1),
(2280, 'Trute', 234, 1),
(2281, 'União das Freguesias de Anhões E Luzio', 234, 1),
(2282, 'União das Freguesias de Ceivães E Badim', 234, 1),
(2283, 'União das Freguesias de Mazedo E Cortes', 234, 1),
(2284, 'União das Freguesias de Messegães, Valadares E Sá', 234, 1),
(2285, 'União das Freguesias de Monção E Troviscoso', 234, 1),
(2286, 'União das Freguesias de Sago, Lordelo E Parada', 234, 1),
(2287, 'União das Freguesias de Troporiz E Lapela', 234, 1),
(2288, 'Agualonga', 235, 1),
(2289, 'Castanheira', 235, 1),
(2290, 'Coura', 235, 1),
(2291, 'Cunha', 235, 1),
(2292, 'Infesta', 235, 1),
(2293, 'Mozelos', 235, 1),
(2294, 'Padornelo', 235, 1),
(2295, 'Parada', 235, 1),
(2296, 'Romarigães', 235, 1),
(2297, 'Rubiães', 235, 1),
(2298, 'Vascões', 235, 1),
(2299, 'União das Freguesias de Bico E Cristelo', 235, 1),
(2300, 'União das Freguesias de Cossourado E Linhares', 235, 1),
(2301, 'União das Freguesias de Formariz E Ferreira', 235, 1),
(2302, 'União das Freguesias de Insalde E Porreiras', 235, 1),
(2303, 'União das Freguesias de Paredes de Coura E Resende', 235, 1),
(2304, 'Azias', 236, 1),
(2305, 'Boivães', 236, 1),
(2306, 'Bravães', 236, 1),
(2307, 'Britelo', 236, 1),
(2308, 'Cuide de Vila Verde', 236, 1),
(2309, 'Lavradas', 236, 1),
(2310, 'Lindoso', 236, 1),
(2311, 'Nogueira', 236, 1),
(2312, 'Oleiros', 236, 1),
(2313, 'Sampriz', 236, 1),
(2314, 'Vade (s. Pedro)', 236, 1),
(2315, 'Vade (s. Tome)', 236, 1),
(2316, 'União das Freguesias de Crasto, Ruivos E Grovelas', 236, 1),
(2317, 'União das Freguesias de Entre Ambos-Os-Rios, Ermida E Germil', 236, 1),
(2318, 'União das Freguesias de Ponte da Barca, Vila Nova de Muía E Paço Vedro de Magalhães', 236, 1),
(2319, 'União das Freguesias de Touvedo (são Lourenço E Salvador)', 236, 1),
(2320, 'União das Freguesias de Vila Chã (são João Baptista E Santiago)', 236, 1),
(2321, 'Anais', 237, 1),
(2322, 'São Pedro de Arcos', 237, 1),
(2323, 'Arcozelo', 237, 1),
(2324, 'Beiral do Lima', 237, 1),
(2325, 'Bertiandos', 237, 1),
(2326, 'Boalhosa', 237, 1),
(2327, 'Brandara', 237, 1),
(2328, 'Calheiros', 237, 1),
(2329, 'Calvelo', 237, 1),
(2330, 'Correlhã', 237, 1),
(2331, 'Estorãos', 237, 1),
(2332, 'Facha', 237, 1),
(2333, 'Feitosa', 237, 1),
(2334, 'Fontão', 237, 1),
(2335, 'Friastelas', 237, 1),
(2336, 'Gandra', 237, 1),
(2337, 'Gemieira', 237, 1),
(2338, 'Gondufe', 237, 1),
(2339, 'Labruja', 237, 1),
(2340, 'Poiares', 237, 1),
(2341, 'Refoios do Lima', 237, 1),
(2342, 'Ribeira', 237, 1),
(2343, 'Sa', 237, 1),
(2344, 'Santa Comba', 237, 1),
(2345, 'Santa Cruz do Lima', 237, 1),
(2346, 'Rebordões (santa Maria)', 237, 1),
(2347, 'Seara', 237, 1),
(2348, 'Serdedelo', 237, 1),
(2349, 'Rebordões (souto)', 237, 1),
(2350, 'Vitorino das Donas', 237, 1),
(2351, 'Arca E Ponte de Lima', 237, 1),
(2352, 'Ardegão, Freixo E Mato', 237, 1),
(2353, 'Associação de Freguesias do Vale do Neiva', 237, 1),
(2354, 'Bárrio E Cepões', 237, 1),
(2355, 'Cabaços E Fojo Lobal', 237, 1),
(2356, 'Cabração E Moreira do Lima', 237, 1),
(2357, 'Fornelos E Queijada', 237, 1),
(2358, 'Labrujó, Rendufe E Vilar do Monte', 237, 1),
(2359, 'Navió E Vitorino dos Piães', 237, 1),
(2360, 'Boivão', 238, 1),
(2361, 'Cerdal', 238, 1),
(2362, 'Fontoura', 238, 1),
(2363, 'Friestas', 238, 1),
(2364, 'Ganfei', 238, 1),
(2365, 'S. Pedro da Torre', 238, 1),
(2366, 'Verdoejo', 238, 1),
(2367, 'União das Freguesias de Gandra E Taião', 238, 1),
(2368, 'União das Freguesias de Gondomil E Sanfins', 238, 1),
(2369, 'União das Freguesias de São Julião E Silva', 238, 1),
(2370, 'União das Freguesias de Valença, Cristelo Covo E Arão', 238, 1),
(2371, 'Afife', 239, 1),
(2372, 'Alvarães', 239, 1),
(2373, 'Amonde', 239, 1),
(2374, 'Vila Nova de Anha', 239, 1),
(2375, 'Areosa', 239, 1),
(2376, 'Carreço', 239, 1),
(2377, 'Castelo do Neiva', 239, 1),
(2378, 'Darque', 239, 1),
(2379, 'Freixieiro de Soutelo', 239, 1),
(2380, 'Lanheses', 239, 1),
(2381, 'Montaria', 239, 1),
(2382, 'Mujães', 239, 1),
(2383, 'São Romão de Neiva', 239, 1),
(2384, 'Outeiro', 239, 1),
(2385, 'Perre', 239, 1),
(2386, 'Santa Marta de Portuzelo', 239, 1),
(2387, 'Vila Franca', 239, 1),
(2388, 'Vila de Punhe', 239, 1),
(2389, 'Chafe', 239, 1),
(2390, 'União das Freguesias de Barroselas E Carvoeiro', 239, 1),
(2391, 'União das Freguesias de Cardielos E Serreleis', 239, 1),
(2392, 'União das Freguesias de Geraz do Lima (santa Maria, Santa Leocádia E Moreira) E Deão', 239, 1),
(2393, 'União das Freguesias de Mazarefes E Vila Fria', 239, 1),
(2394, 'União das Freguesias de Nogueira, Meixedo E Vilar de Murteda', 239, 1),
(2395, 'União das Freguesias de Subportela, Deocriste E Portela Susã', 239, 1),
(2396, 'União das Freguesias de Torre E Vila Mou', 239, 1),
(2397, 'União das Freguesias de Viana do Castelo (santa Maria Maior E Monserrate) E Meadela', 239, 1),
(2398, 'Cornes', 240, 1),
(2399, 'Covas', 240, 1),
(2400, 'Gondarem', 240, 1),
(2401, 'Loivo', 240, 1),
(2402, 'Mentrestido', 240, 1),
(2403, 'Sapardos', 240, 1),
(2404, 'Sopo', 240, 1),
(2405, 'União das Freguesias de Campos E Vila Meã', 240, 1),
(2406, 'União das Freguesias de Candemil E Gondar', 240, 1),
(2407, 'União das Freguesias de Reboreda E Nogueira', 240, 1),
(2408, 'União das Freguesias de Vila Nova de Cerveira E Lovelhe', 240, 1),
(2409, 'Alijó', 241, 1),
(2410, 'Favaios', 241, 1),
(2411, 'Pegarinhos', 241, 1),
(2412, 'Pinhão', 241, 1),
(2413, 'Sanfins do Douro', 241, 1),
(2414, 'Santa Eugenia', 241, 1),
(2415, 'S. Mamede de Ribatua', 241, 1),
(2416, 'Vila Chã', 241, 1),
(2417, 'Vila Verde', 241, 1),
(2418, 'Vilar de Maçada', 241, 1),
(2419, 'União das Freguesias de Carlão E Amieiro', 241, 1),
(2420, 'União das Freguesias de Castedo E Cotas', 241, 1),
(2421, 'União das Freguesias de Pópulo E Ribalonga', 241, 1),
(2422, 'União das Freguesias de Vale de Mendiz, Casal de Loivos E Vilarinho de Cotas', 241, 1),
(2423, 'Beça', 242, 1),
(2424, 'Covas do Barroso', 242, 1),
(2425, 'Dornelas', 242, 1),
(2426, 'Pinho', 242, 1),
(2427, 'Sapiãos', 242, 1),
(2428, 'Alturas do Barroso E Cerdedo', 242, 1),
(2429, 'Ardãos E Bobadela', 242, 1),
(2430, 'Boticas E Granja', 242, 1),
(2431, 'Codessoso, Curros E Fiães do Tâmega', 242, 1),
(2432, 'Vilar E Viveiro', 242, 1),
(2433, 'Aguas Frias', 243, 1),
(2434, 'Anelhe', 243, 1),
(2435, 'Bustelo', 243, 1),
(2436, 'Cimo de Vila da Castanheira', 243, 1),
(2437, 'Curalha', 243, 1),
(2438, 'Ervededo', 243, 1),
(2439, 'Faiões', 243, 1),
(2440, 'Lama de Arcos', 243, 1),
(2441, 'Mairos', 243, 1),
(2442, 'Moreiras', 243, 1),
(2443, 'Nogueira da Montanha', 243, 1),
(2444, 'Oura', 243, 1),
(2445, 'Outeiro Seco', 243, 1),
(2446, 'Paradela', 243, 1),
(2447, 'Redondelo', 243, 1),
(2448, 'Sanfins', 243, 1),
(2449, 'Santa Leocadia', 243, 1),
(2450, 'Santo Antonio de Monforte', 243, 1),
(2451, 'Santo Estevão', 243, 1),
(2452, 'S. Pedro de Agostem', 243, 1),
(2453, 'S. Vicente', 243, 1),
(2454, 'Tronco', 243, 1),
(2455, 'Vale de Anta', 243, 1),
(2456, 'Vila Verde da Raia', 243, 1),
(2457, 'Vilar de Nantes', 243, 1),
(2458, 'Vilarelho da Raia', 243, 1),
(2459, 'Vilas Boas', 243, 1),
(2460, 'Vilela Seca', 243, 1),
(2461, 'Vilela do Tamega', 243, 1),
(2462, 'Santa Maria Maior', 243, 1),
(2463, 'Planalto de Monforte (união das Freguesias de Oucidres E Bobadela)', 243, 1),
(2464, 'União das Freguesias da Madalena E Samaiões', 243, 1),
(2465, 'União das Freguesias das Eiras, São Julião de Montenegro E Cela', 243, 1),
(2466, 'União das Freguesias de Calvão E Soutelinho da Raia', 243, 1),
(2467, 'União das Freguesias de Loivos E Póvoa de Agrações', 243, 1),
(2468, 'União das Freguesias de Santa Cruz/trindade E Sanjurge', 243, 1),
(2469, 'União das Freguesias de Soutelo E Seara Velha', 243, 1),
(2470, 'União das Freguesias de Travancas E Roriz', 243, 1),
(2471, 'Vidago (união das Freguesias de Vidago, Arcossó, Selhariz E Vilarinho das Paranheiras)', 243, 1),
(2472, 'Barqueiros', 244, 1),
(2473, 'Cidadelhe', 244, 1),
(2474, 'Oliveira', 244, 1),
(2475, 'Vila Marim', 244, 1),
(2476, 'Mesão Frio (santo André)', 244, 1),
(2477, 'Atei', 245, 1),
(2478, 'Bilho', 245, 1),
(2479, 'Mondim de Basto', 245, 1),
(2480, 'Vilar de Ferreiros', 245, 1),
(2481, 'União das Freguesias de Campanhó E Paradança', 245, 1),
(2482, 'União das Freguesias de Ermelo E Pardelhas', 245, 1),
(2483, 'Cabril', 246, 1),
(2484, 'Cervos', 246, 1),
(2485, 'Chã', 246, 1),
(2486, 'Covelo do Geres', 246, 1),
(2487, 'Ferral', 246, 1),
(2488, 'Gralhas', 246, 1),
(2489, 'Morgade', 246, 1),
(2490, 'Negrões', 246, 1),
(2491, 'Outeiro', 246, 1),
(2492, 'Pitões das Junias', 246, 1),
(2493, 'Reigoso', 246, 1),
(2494, 'Salto', 246, 1),
(2495, 'Santo Andre', 246, 1),
(2496, 'Sarraquinhos', 246, 1),
(2497, 'Solveira', 246, 1),
(2498, 'Tourem', 246, 1),
(2499, 'Vila da Ponte', 246, 1),
(2500, 'União das Freguesias de Cambeses do Rio, Donões E Mourilhe', 246, 1),
(2501, 'União das Freguesias de Meixedo E Padornelos', 246, 1),
(2502, 'União das Freguesias de Montalegre E Padroso', 246, 1),
(2503, 'União das Freguesias de Paradela, Contim E Fiães', 246, 1),
(2504, 'União das Freguesias de Sezelhe E Covelães', 246, 1),
(2505, 'União das Freguesias de Venda Nova E Pondras', 246, 1),
(2506, 'União das Freguesias de Viade de Baixo E Fervidelas', 246, 1),
(2507, 'União das Freguesias de Vilar de Perdizes E Meixide', 246, 1),
(2508, 'Candedo', 247, 1),
(2509, 'Fiolhoso', 247, 1),
(2510, 'Jou', 247, 1),
(2511, 'Murça', 247, 1),
(2512, 'Valongo de Milhais', 247, 1),
(2513, 'União das Freguesias de Carva E Vilares', 247, 1),
(2514, 'União das Freguesias de Noura E Palheiros', 247, 1),
(2515, 'Fontelas', 248, 1),
(2516, 'Loureiro', 248, 1),
(2517, 'Sedielos', 248, 1),
(2518, 'Vilarinho dos Freires', 248, 1),
(2519, 'União das Freguesias de Galafura E Covelinhas', 248, 1),
(2520, 'União das Freguesias de Moura Morta E Vinhós', 248, 1),
(2521, 'União das Freguesias de Peso da Régua E Godim', 248, 1),
(2522, 'União das Freguesias de Poiares E Canelas', 248, 1),
(2523, 'Alvadia', 249, 1),
(2524, 'Canedo', 249, 1),
(2525, 'Santa Marinha', 249, 1),
(2526, 'União das Freguesias de Cerva E Limões', 249, 1),
(2527, 'União das Freguesias de Ribeira de Pena (salvador) E Santo Aleixo de Além-Tâmega', 249, 1),
(2528, 'Celeiros', 250, 1),
(2529, 'Covas do Douro', 250, 1),
(2530, 'Gouvinhas', 250, 1),
(2531, 'Parada de Pinhão', 250, 1),
(2532, 'Paços', 250, 1),
(2533, 'Sabrosa', 250, 1),
(2534, 'S. Lourenço de Ribapinhão', 250, 1),
(2535, 'Souto Maior', 250, 1),
(2536, 'Torre do Pinhão', 250, 1),
(2537, 'Vilarinho de S. Romão', 250, 1),
(2538, 'União das Freguesias de Provesende, Gouvães do Douro E São Cristóvão do Douro', 250, 1),
(2539, 'União das Freguesias de São Martinho de Antas E Paradela de Guiães', 250, 1),
(2540, 'Alvações do Corgo', 251, 1),
(2541, 'Cumieira', 251, 1),
(2542, 'Fontes', 251, 1),
(2543, 'Medrões', 251, 1),
(2544, 'Sever', 251, 1),
(2545, 'União das Freguesias de Lobrigos (são Miguel E São João Baptista) E Sanhoane', 251, 1),
(2546, 'União das Freguesias de Louredo E Fornelos', 251, 1),
(2547, 'Agua Reves E Crasto', 252, 1),
(2548, 'Argeriz', 252, 1),
(2549, 'Bouçoães', 252, 1),
(2550, 'Canaveses', 252, 1),
(2551, 'Ervões', 252, 1),
(2552, 'Fornos do Pinhal', 252, 1),
(2553, 'Friões', 252, 1),
(2554, 'Padrela E Tazem', 252, 1),
(2555, 'Possacos', 252, 1),
(2556, 'Rio Torto', 252, 1),
(2557, 'Santa Maria de Emeres', 252, 1),
(2558, 'Santa Valha', 252, 1),
(2559, 'Santiago de Ribeira de Alhariz', 252, 1),
(2560, 'S. João da Corveira', 252, 1),
(2561, 'S. Pedro de Veiga de Lila', 252, 1),
(2562, 'Serapicos', 252, 1),
(2563, 'Vales', 252, 1),
(2564, 'Vassal', 252, 1),
(2565, 'Veiga de Lila', 252, 1),
(2566, 'Vilarandelo', 252, 1),
(2567, 'Carrazedo de Montenegro E Curros', 252, 1),
(2568, 'Lebução, Fiães E Nozelos', 252, 1),
(2569, 'Sonim E Barreiros', 252, 1),
(2570, 'Tinhela E Alvarelhos', 252, 1),
(2571, 'Valpaços E Sanfins', 252, 1),
(2572, 'Alfarela de Jales', 253, 1);

INSERT INTO `freguesias` (`id_freguesia`, `nome`, `id_concelho`, `ativo`) VALUES
(2573, 'Bornes de Aguiar', 253, 1),
(2574, 'Bragado', 253, 1),
(2575, 'Capeludos', 253, 1),
(2576, 'Soutelo de Aguiar', 253, 1),
(2577, 'Telões', 253, 1),
(2578, 'Tresminas', 253, 1),
(2579, 'Valoura', 253, 1),
(2580, 'Vila Pouca de Aguiar', 253, 1),
(2581, 'Vreia de Bornes', 253, 1),
(2582, 'Vreia de Jales', 253, 1),
(2583, 'Sabroso de Aguiar', 253, 1),
(2584, 'Alvão', 253, 1),
(2585, 'União das Freguesias de Pensalvos E Parada de Monteiros', 253, 1),
(2586, 'Abaças', 254, 1),
(2587, 'Andrães', 254, 1),
(2588, 'Arroios', 254, 1),
(2589, 'Campeã', 254, 1),
(2590, 'Folhadela', 254, 1),
(2591, 'Guiães', 254, 1),
(2592, 'Lordelo', 254, 1),
(2593, 'Mateus', 254, 1),
(2594, 'Mondrões', 254, 1),
(2595, 'Parada de Cunhos', 254, 1),
(2596, 'Torgueda', 254, 1),
(2597, 'Vila Marim', 254, 1),
(2598, 'União das Freguesias de Adoufe E Vilarinho de Samardã', 254, 1),
(2599, 'União das Freguesias de Borbela E Lamas de Olo', 254, 1),
(2600, 'União das Freguesias de Constantim E Vale de Nogueiras', 254, 1),
(2601, 'União das Freguesias de Mouçós E Lamares', 254, 1),
(2602, 'União das Freguesias de Nogueira E Ermida', 254, 1),
(2603, 'União das Freguesias de Pena, Quintã E Vila Cova', 254, 1),
(2604, 'União das Freguesias de São Tomé do Castelo E Justes', 254, 1),
(2605, 'União das Freguesias de Vila Real (nossa Senhora da Conceição, São Pedro E São Dinis)', 254, 1),
(2606, 'Aldeias', 255, 1),
(2607, 'Cimbres', 255, 1),
(2608, 'Folgosa', 255, 1),
(2609, 'Fontelo', 255, 1),
(2610, 'Queimada', 255, 1),
(2611, 'Queimadela', 255, 1),
(2612, 'Santa Cruz', 255, 1),
(2613, 'S. Cosmado', 255, 1),
(2614, 'S. Martinho das Chãs', 255, 1),
(2615, 'Vacalar', 255, 1),
(2616, 'Armamar', 255, 1),
(2617, 'União das Freguesias de Aricera E Goujoim', 255, 1),
(2618, 'União das Freguesias de São Romão E Santiago', 255, 1),
(2619, 'União das Freguesias de Vila Seca E Santo Adrião', 255, 1),
(2620, 'Beijos', 256, 1),
(2621, 'Cabanas de Viriato', 256, 1),
(2622, 'Oliveira do Conde', 256, 1),
(2623, 'Parada', 256, 1),
(2624, 'União das Freguesias de Currelos, Papízios E Sobral', 256, 1),
(2625, 'Almofala', 257, 1),
(2626, 'Cabril', 257, 1),
(2627, 'Castro Daire', 257, 1),
(2628, 'Cujo', 257, 1),
(2629, 'Gosende', 257, 1),
(2630, 'Mões', 257, 1),
(2631, 'Moledo', 257, 1),
(2632, 'Monteiras', 257, 1),
(2633, 'Pepim', 257, 1),
(2634, 'Pinheiro', 257, 1),
(2635, 'S. Joaninho', 257, 1),
(2636, 'União das Freguesias de Mamouros, Alva E Ribolhos', 257, 1),
(2637, 'União das Freguesias de Mezio E Moura Morta', 257, 1),
(2638, 'União das Freguesias de Parada de Ester E Ester', 257, 1),
(2639, 'União das Freguesias de Picão E Ermida', 257, 1),
(2640, 'União das Freguesias de Reriz E Gafanhão', 257, 1),
(2641, 'Cinfães', 258, 1),
(2642, 'Espadanedo', 258, 1),
(2643, 'Ferreiros de Tendais', 258, 1),
(2644, 'Fornelos', 258, 1),
(2645, 'Moimenta', 258, 1),
(2646, 'Nespereira', 258, 1),
(2647, 'Oliveira do Douro', 258, 1),
(2648, 'Santiago de Piães', 258, 1),
(2649, 'S. Cristovão de Nogueira', 258, 1),
(2650, 'Souselo', 258, 1),
(2651, 'Tarouquela', 258, 1),
(2652, 'Tendais', 258, 1),
(2653, 'Travanca', 258, 1),
(2654, 'União das Freguesias de Alhões, Bustelo, Gralheira E Ramires', 258, 1),
(2655, 'Avões', 259, 1),
(2656, 'Britiande', 259, 1),
(2657, 'Cambres', 259, 1),
(2658, 'Ferreirim', 259, 1),
(2659, 'Ferreiros de Avões', 259, 1),
(2660, 'Figueira', 259, 1),
(2661, 'Lalim', 259, 1),
(2662, 'Lazarim', 259, 1),
(2663, 'Penajoia', 259, 1),
(2664, 'Penude', 259, 1),
(2665, 'Samodães', 259, 1),
(2666, 'Sande', 259, 1),
(2667, 'Varzea de Abrunhais', 259, 1),
(2668, 'Vila Nova de Souto D El-Rei', 259, 1),
(2669, 'Lamego (almacave E Sé)', 259, 1),
(2670, 'União das Freguesias de Bigorne, Magueija E Pretarouca', 259, 1),
(2671, 'União das Freguesias de Cepões, Meijinhos E Melcões', 259, 1),
(2672, 'União das Freguesias de Parada do Bispo E Valdigem', 259, 1),
(2673, 'Abrunhosa-A-Velha', 260, 1),
(2674, 'Alcafache', 260, 1),
(2675, 'Cunha Baixa', 260, 1),
(2676, 'Espinho', 260, 1),
(2677, 'Fornos de Maceira Dão', 260, 1),
(2678, 'Freixiosa', 260, 1),
(2679, 'Quintela de Azurara', 260, 1),
(2680, 'S. João da Fresta', 260, 1),
(2681, 'União das Freguesias de Mangualde, Mesquitela E Cunha Alta', 260, 1),
(2682, 'União das Freguesias de Moimenta de Maceira Dão E Lobelhe do Mato', 260, 1),
(2683, 'União das Freguesias de Santiago de Cassurrães E Póvoa de Cervães', 260, 1),
(2684, 'União das Freguesias de Tavares (chãs, Várzea E Travanca)', 260, 1),
(2685, 'Alvite', 261, 1),
(2686, 'Arcozelos', 261, 1),
(2687, 'Baldos', 261, 1),
(2688, 'Cabaços', 261, 1),
(2689, 'Caria', 261, 1),
(2690, 'Castelo', 261, 1),
(2691, 'Leomil', 261, 1),
(2692, 'Moimenta da Beira', 261, 1),
(2693, 'Passo', 261, 1),
(2694, 'Rua', 261, 1),
(2695, 'Sarzedo', 261, 1),
(2696, 'Sever', 261, 1),
(2697, 'Vilar', 261, 1),
(2698, 'União das Freguesias de Paradinha E Nagosa', 261, 1),
(2699, 'União das Freguesias de Pêra Velha, Aldeia de Nacomba E Ariz', 261, 1),
(2700, 'União das Freguesias de Peva E Segões', 261, 1),
(2701, 'Cercosa', 262, 1),
(2702, 'Espinho', 262, 1),
(2703, 'Marmeleira', 262, 1),
(2704, 'Pala', 262, 1),
(2705, 'Sobral', 262, 1),
(2706, 'Trezoi', 262, 1),
(2707, 'União das Freguesias de Mortágua, Vale de Remígio, Cortegaça E Almaça', 262, 1),
(2708, 'Canas de Senhorim', 263, 1),
(2709, 'Nelas', 263, 1),
(2710, 'Senhorim', 263, 1),
(2711, 'Vilar Seco', 263, 1),
(2712, 'Lapa do Lobo', 263, 1),
(2713, 'União das Freguesias de Carvalhal Redondo E Aguieira', 263, 1),
(2714, 'União das Freguesias de Santar E Moreira', 263, 1),
(2715, 'Arcozelo das Maias', 264, 1),
(2716, 'Pinheiro', 264, 1),
(2717, 'Ribeiradio', 264, 1),
(2718, 'S. João da Serra', 264, 1),
(2719, 'S. Vicente de Lafões', 264, 1),
(2720, 'União das Freguesias de Arca E Varzielas', 264, 1),
(2721, 'União das Freguesias de Destriz E Reigoso', 264, 1),
(2722, 'União das Freguesias de Oliveira de Frades, Souto de Lafões E Sejães', 264, 1),
(2723, 'Castelo de Penalva', 265, 1),
(2724, 'Esmolfe', 265, 1),
(2725, 'Germil', 265, 1),
(2726, 'Insua', 265, 1),
(2727, 'Lusinde', 265, 1),
(2728, 'Pindo', 265, 1),
(2729, 'Real', 265, 1),
(2730, 'Sezures', 265, 1),
(2731, 'Trancozelos', 265, 1),
(2732, 'União das Freguesias de Antas E Matela', 265, 1),
(2733, 'União das Freguesias de Vila Cova do Covelo/mareco', 265, 1),
(2734, 'Beselga', 266, 1),
(2735, 'Castainço', 266, 1),
(2736, 'Penela da Beira', 266, 1),
(2737, 'Povoa de Penela', 266, 1),
(2738, 'Souto', 266, 1),
(2739, 'União das Freguesias de Antas E Ourozinho', 266, 1),
(2740, 'União das Freguesias de Penedono E Granja', 266, 1),
(2741, 'Barro', 267, 1),
(2742, 'Carquere', 267, 1),
(2743, 'Paus', 267, 1),
(2744, 'Resende', 267, 1),
(2745, 'S. Cipriano', 267, 1),
(2746, 'S. João de Fontoura', 267, 1),
(2747, 'S. Martinho de Mouros', 267, 1),
(2748, 'União das Freguesias de Anreade E São Romão de Aregos', 267, 1),
(2749, 'União das Freguesias de Felgueiras E Feirão', 267, 1),
(2750, 'União das Freguesias de Freigil E Miomães', 267, 1),
(2751, 'União das Freguesias de Ovadas E Panchorra', 267, 1),
(2752, 'Pinheiro de Azere', 268, 1),
(2753, 'S. Joaninho', 268, 1),
(2754, 'S. João de Areias', 268, 1),
(2755, 'União das Freguesias de Ovoa E Vimieiro', 268, 1),
(2756, 'União das Freguesias de Santa Comba Dão E Couto do Mosteiro', 268, 1),
(2757, 'União das Freguesias de Treixedo E Nagozela', 268, 1),
(2758, 'Castanheiro do Sul', 269, 1),
(2759, 'Ervedosa do Douro', 269, 1),
(2760, 'Nagozelo do Douro', 269, 1),
(2761, 'Paredes da Beira', 269, 1),
(2762, 'Riodades', 269, 1),
(2763, 'Soutelo do Douro', 269, 1),
(2764, 'Vale de Figueira', 269, 1),
(2765, 'Valongo dos Azeites', 269, 1),
(2766, 'União das Freguesias de São João da Pesqueira E Várzea de Trevões', 269, 1),
(2767, 'União das Freguesias de Trevões E Espinhosa', 269, 1),
(2768, 'União das Freguesias de Vilarouco E Pereiros', 269, 1),
(2769, 'Bordonhos', 270, 1),
(2770, 'Figueiredo de Alva', 270, 1),
(2771, 'Manhouce', 270, 1),
(2772, 'Pindelo dos Milagres', 270, 1),
(2773, 'Pinho', 270, 1),
(2774, 'S. Felix', 270, 1),
(2775, 'Serrazes', 270, 1),
(2776, 'Sul', 270, 1),
(2777, 'Valadares', 270, 1),
(2778, 'Vila Maior', 270, 1),
(2779, 'União das Freguesias de Carvalhais E Candal', 270, 1),
(2780, 'União das Freguesias de Santa Cruz da Trapa E São Cristóvão de Lafões', 270, 1),
(2781, 'União das Freguesias de São Martinho das Moitas E Covas do Rio', 270, 1),
(2782, 'União das Freguesias de São Pedro do Sul, Várzea E Baiões', 270, 1),
(2783, 'Avelal', 271, 1),
(2784, 'Ferreira de Aves', 271, 1),
(2785, 'Mioma', 271, 1),
(2786, 'Rio de Moinhos', 271, 1),
(2787, 'S. Miguel de Vila Boa', 271, 1),
(2788, 'Sátão', 271, 1),
(2789, 'Silvã de Cima', 271, 1),
(2790, 'União das Freguesias de Águas Boas E Forles', 271, 1),
(2791, 'União das Freguesias de Romãs, Decermilo E Vila Longa', 271, 1),
(2792, 'Arnas', 272, 1),
(2793, 'Carregal', 272, 1),
(2794, 'Chosendo', 272, 1),
(2795, 'Cunha', 272, 1),
(2796, 'Faia', 272, 1),
(2797, 'Granjal', 272, 1),
(2798, 'Lamosa', 272, 1),
(2799, 'Quintela', 272, 1),
(2800, 'Vila da Ponte', 272, 1),
(2801, 'União das Freguesias de Ferreirim E Macieira', 272, 1),
(2802, 'União das Freguesias de Fonte Arcada E Escurquela', 272, 1),
(2803, 'União das Freguesias de Penso E Freixinho', 272, 1),
(2804, 'União das Freguesias de Sernancelhe E Sarzeda', 272, 1),
(2805, 'Adorigo', 273, 1),
(2806, 'Arcos', 273, 1),
(2807, 'Chavães', 273, 1),
(2808, 'Desejosa', 273, 1),
(2809, 'Granja do Tedo', 273, 1),
(2810, 'Longa', 273, 1),
(2811, 'Sendim', 273, 1),
(2812, 'Tabuaço', 273, 1),
(2813, 'Valença do Douro', 273, 1),
(2814, 'União das Freguesias de Barcos E Santa Leocádia', 273, 1),
(2815, 'União das Freguesias de Paradela E Granjinha', 273, 1),
(2816, 'União das Freguesias de Pinheiros E Vale de Figueira', 273, 1),
(2817, 'União das Freguesias de Távora E Pereiro', 273, 1),
(2818, 'Mondim da Beira', 274, 1),
(2819, 'Salzedas', 274, 1),
(2820, 'S. João de Tarouca', 274, 1),
(2821, 'Varzea da Serra', 274, 1),
(2822, 'União das Freguesias de Gouviães E Ucanha', 274, 1),
(2823, 'União das Freguesias de Granja Nova E Vila Chã da Beira', 274, 1),
(2824, 'União das Freguesias de Tarouca E Dálvares', 274, 1),
(2825, 'Campo de Besteiros', 275, 1),
(2826, 'Canas de Santa Maria', 275, 1),
(2827, 'Castelões', 275, 1),
(2828, 'Dardavaz', 275, 1),
(2829, 'Ferreiros do Dão', 275, 1),
(2830, 'Guardão', 275, 1),
(2831, 'Lajeosa do Dão', 275, 1),
(2832, 'Lobão da Beira', 275, 1),
(2833, 'Molelos', 275, 1),
(2834, 'Parada de Gonta', 275, 1),
(2835, 'Santiago de Besteiros', 275, 1),
(2836, 'Tonda', 275, 1),
(2837, 'União das Freguesias de Barreiro de Besteiros E Tourigo', 275, 1),
(2838, 'União das Freguesias de Caparrosa E Silvares', 275, 1),
(2839, 'União das Freguesias de Mouraz E Vila Nova da Rainha', 275, 1),
(2840, 'União das Freguesias de São João do Monte E Mosteirinho', 275, 1),
(2841, 'União das Freguesias de São Miguel do Outeiro E Sabugosa', 275, 1),
(2842, 'União das Freguesias de Tondela E Nandufe', 275, 1),
(2843, 'União das Freguesias de Vilar de Besteiros E Mosteiro de Fráguas', 275, 1),
(2844, 'Pendilhe', 276, 1),
(2845, 'Queiriga', 276, 1),
(2846, 'Touro', 276, 1),
(2847, 'Vila Cova A Coelheira', 276, 1),
(2848, 'União das Freguesias de Vila Nova de Paiva, Alhais E Fráguas', 276, 1),
(2849, 'Abraveses', 277, 1),
(2850, 'Bodiosa', 277, 1),
(2851, 'Calde', 277, 1),
(2852, 'Campo', 277, 1),
(2853, 'Cavernães', 277, 1),
(2854, 'Cota', 277, 1),
(2855, 'Fragosela', 277, 1),
(2856, 'Lordosa', 277, 1),
(2857, 'Silgueiros', 277, 1),
(2858, 'Mundão', 277, 1),
(2859, 'Orgens', 277, 1),
(2860, 'Povolide', 277, 1),
(2861, 'Ranhados', 277, 1),
(2862, 'Ribafeita', 277, 1),
(2863, 'Rio de Loba', 277, 1),
(2864, 'Santos Evos', 277, 1),
(2865, 'S. João de Lourosa', 277, 1),
(2866, 'S. Pedro de France', 277, 1),
(2867, 'União das Freguesias de Barreiros E Cepões', 277, 1),
(2868, 'União das Freguesias de Boa Aldeia, Farminhão E Torredeita', 277, 1),
(2869, 'União das Freguesias de Couto de Baixo E Couto de Cima', 277, 1),
(2870, 'União das Freguesias de Faíl E Vila Chã de Sá', 277, 1),
(2871, 'União das Freguesias de Repeses E São Salvador', 277, 1),
(2872, 'União das Freguesias de São Cipriano E Vil de Souto', 277, 1),
(2873, 'União das Freguesias de Viseu', 277, 1),
(2874, 'Alcofra', 278, 1),
(2875, 'Campia', 278, 1),
(2876, 'Fornelo do Monte', 278, 1),
(2877, 'Queirã', 278, 1),
(2878, 'S. Miguel do Mato', 278, 1),
(2879, 'Ventosa', 278, 1),
(2880, 'União das Freguesias de Cambra E Carvalhal de Vermilhas', 278, 1),
(2881, 'União das Freguesias de Fataunços E Figueiredo das Donas', 278, 1),
(2882, 'União das Freguesias de Vouzela E Paços de Vilharigues', 278, 1),
(2883, 'Altares', 279, 1),
(2884, 'Doze Ribeiras', 279, 1),
(2885, 'Feteira', 279, 1),
(2886, 'Angra (nossa Senhora da Conceição)', 279, 1),
(2887, 'Cinco Ribeiras', 279, 1),
(2888, 'Porto Judeu', 279, 1),
(2889, 'Raminho', 279, 1),
(2890, 'Ribeirinha', 279, 1),
(2891, 'Santa Barbara', 279, 1),
(2892, 'Angra (santa Luzia)', 279, 1),
(2893, 'S. Bartolomeu de Regatos', 279, 1),
(2894, 'S. Bento', 279, 1),
(2895, 'S. Mateus da Calheta', 279, 1),
(2896, 'Angra (s. Pedro)', 279, 1),
(2897, 'S. Sebastião', 279, 1),
(2898, 'Angra (se)', 279, 1),
(2899, 'Serreta', 279, 1),
(2900, 'Terra Chã', 279, 1),
(2901, 'Posto Santo', 279, 1),
(2902, 'Calheta', 280, 1),
(2903, 'Norte Pequeno', 280, 1),
(2904, 'Topo (nossa Senhora do Rosario)', 280, 1),
(2905, 'Ribeira Seca', 280, 1),
(2906, 'Santo Antão', 280, 1),
(2907, 'Guadalupe', 281, 1),
(2908, 'Luz', 281, 1),
(2909, 'Santa Cruz da Graciosa', 281, 1),
(2910, 'São Mateus', 281, 1),
(2911, 'Norte Grande (neves)', 282, 1),
(2912, 'Rosais', 282, 1),
(2913, 'Manadas (santa Barbara)', 282, 1),
(2914, 'Santo Amaro', 282, 1),
(2915, 'Velas (s. Jorge)', 282, 1),
(2916, 'Urzelina (s. Mateus)', 282, 1),
(2917, 'Agualva', 283, 1),
(2918, 'Biscoitos', 283, 1),
(2919, 'Cabo da Praia', 283, 1),
(2920, 'Fonte do Bastardo', 283, 1),
(2921, 'Fontinhas', 283, 1),
(2922, 'Lajes', 283, 1),
(2923, 'Quatro Ribeiras', 283, 1),
(2924, 'Praia da Vitoria (santa Cruz)', 283, 1),
(2925, 'S. Bras', 283, 1),
(2926, 'Vila Nova', 283, 1),
(2927, 'Porto Martins', 283, 1),
(2928, 'Corvo', 284, 1),
(2929, 'Horta (angustias)', 285, 1),
(2930, 'Capelo', 285, 1),
(2931, 'Castelo Branco', 285, 1),
(2932, 'Cedros', 285, 1),
(2933, 'Horta (conceição)', 285, 1),
(2934, 'Feteira', 285, 1),
(2935, 'Flamengos', 285, 1),
(2936, 'Horta (matriz)', 285, 1),
(2937, 'Pedro Miguel', 285, 1),
(2938, 'Praia do Almoxarife', 285, 1),
(2939, 'Praia do Norte', 285, 1),
(2940, 'Ribeirinha', 285, 1),
(2941, 'Salão', 285, 1),
(2942, 'Fajã Grande', 286, 1),
(2943, 'Fajãzinha', 286, 1),
(2944, 'Fazenda', 286, 1),
(2945, 'Lajedo', 286, 1),
(2946, 'Lajes das Flores', 286, 1),
(2947, 'Lomba', 286, 1),
(2948, 'Mosteiro', 286, 1),
(2949, 'Calheta de Nesquim', 287, 1),
(2950, 'Lajes do Pico', 287, 1),
(2951, 'Piedade', 287, 1),
(2952, 'Ribeiras', 287, 1),
(2953, 'S. João', 287, 1),
(2954, 'Ribeirinha', 287, 1),
(2955, 'Bandeiras', 288, 1),
(2956, 'Candelaria', 288, 1),
(2957, 'Criação Velha', 288, 1),
(2958, 'Madalena', 288, 1),
(2959, 'S. Caetano', 288, 1),
(2960, 'S. Mateus', 288, 1),
(2961, 'Caveira', 289, 1),
(2962, 'Cedros', 289, 1),
(2963, 'Ponta Delgada', 289, 1),
(2964, 'Santa Cruz das Flores', 289, 1),
(2965, 'Prainha', 290, 1),
(2966, 'Santa Luzia', 290, 1),
(2967, 'Santo Amaro', 290, 1),
(2968, 'Santo António', 290, 1),
(2969, 'S. Roque do Pico', 290, 1),
(2970, 'Agua de Pau', 291, 1),
(2971, 'Lagoa (nossa Senhora do Rosario)', 291, 1),
(2972, 'Ribeira Chã', 291, 1),
(2973, 'Lagoa (santa Cruz)', 291, 1),
(2974, 'Cabouco', 291, 1),
(2975, 'Achada', 292, 1),
(2976, 'Achadinha', 292, 1),
(2977, 'Lomba da Fazenda', 292, 1),
(2978, 'Nordeste', 292, 1),
(2979, 'Santana', 292, 1),
(2980, 'Salga', 292, 1),
(2981, 'Algarvia', 292, 1),
(2982, 'Santo Antonio de Nordestinho', 292, 1),
(2983, 'Sao Pedro de Nordestinho', 292, 1),
(2984, 'Arrifes', 293, 1),
(2985, 'Candelaria', 293, 1),
(2986, 'Capelas', 293, 1),
(2987, 'Fajã de Baixo', 293, 1),
(2988, 'Fajã de Cima', 293, 1),
(2989, 'Fenais da Luz', 293, 1),
(2990, 'Feteiras', 293, 1),
(2991, 'Ginetes', 293, 1),
(2992, 'Rosto do Cão (livramento)', 293, 1),
(2993, 'Mosteiros', 293, 1),
(2994, 'Ponta Delgada (são Sebastião)', 293, 1),
(2995, 'Relva', 293, 1),
(2996, 'Remedios', 293, 1),
(2997, 'Santo António', 293, 1),
(2998, 'Ponta Delgada (s. Jose)', 293, 1),
(2999, 'Ponta Delgada (s. Pedro)', 293, 1),
(3000, 'Rosto do Cão (s. Roque)', 293, 1),
(3001, 'S. Vicente Ferreira', 293, 1),
(3002, 'Sete Cidades', 293, 1),
(3003, 'Covoada', 293, 1),
(3004, 'Santa Barbara', 293, 1),
(3005, 'Ajuda da Bretanha', 293, 1),
(3006, 'Pilar da Bretanha', 293, 1),
(3007, 'Santa Clara', 293, 1),
(3008, 'Agua Retorta', 294, 1),
(3009, 'Faial da Terra', 294, 1),
(3010, 'Nossa Senhora dos Remedios', 294, 1),
(3011, 'Furnas', 294, 1),
(3012, 'Povoação', 294, 1),
(3013, 'Ribeira Quente', 294, 1),
(3014, 'Calhetas', 295, 1),
(3015, 'Ribeira Grande (conceição)', 295, 1),
(3016, 'Fenais da Ajuda', 295, 1),
(3017, 'Lomba da Maia', 295, 1),
(3018, 'Maia', 295, 1),
(3019, 'Pico da Pedra', 295, 1),
(3020, 'Porto Formoso', 295, 1),
(3021, 'Rabo de Peixe', 295, 1),
(3022, 'Ribeira Grande (matriz)', 295, 1),
(3023, 'Ribeira Seca', 295, 1),
(3024, 'Ribeirinha', 295, 1),
(3025, 'Santa Barbara', 295, 1),
(3026, 'Lomba de S. Pedro', 295, 1),
(3027, 'S. Bras', 295, 1),
(3028, 'Agua de Alto', 296, 1),
(3029, 'Ponta Garça', 296, 1),
(3030, 'Vila Franca do Campo (s. Miguel)', 296, 1),
(3031, 'Vila Franca do Campo (s. Pedro)', 296, 1),
(3032, 'Ribeira das Tainhas', 296, 1),
(3033, 'Ribeira Seca', 296, 1),
(3034, 'Almagreira', 297, 1),
(3035, 'Santa Barbara', 297, 1),
(3036, 'Santo Espirito', 297, 1),
(3037, 'S. Pedro', 297, 1),
(3038, 'Vila do Porto', 297, 1),
(3039, 'Arco da Calheta', 298, 1),
(3040, 'Calheta', 298, 1),
(3041, 'Estreito da Calheta', 298, 1),
(3042, 'Fajã da Ovelha', 298, 1),
(3043, 'Jardim do Mar', 298, 1),
(3044, 'Paul do Mar', 298, 1),
(3045, 'Ponta do Pargo', 298, 1),
(3046, 'Prazeres', 298, 1),
(3047, 'Camara de Lobos', 299, 1),
(3048, 'Curral das Freiras', 299, 1),
(3049, 'Estreito de Camara de Lobos', 299, 1),
(3050, 'Quinta Grande', 299, 1),
(3051, 'Jardim da Serra', 299, 1),
(3052, 'Imaculado Coração de Maria', 300, 1),
(3053, 'Monte', 300, 1),
(3054, 'Funchal (santa Luzia)', 300, 1),
(3055, 'Funchal (santa Maria Maior)', 300, 1),
(3056, 'Santo António', 300, 1),
(3057, 'S. Gonçalo', 300, 1),
(3058, 'S. Martinho', 300, 1),
(3059, 'Funchal (s. Pedro)', 300, 1),
(3060, 'S. Roque', 300, 1),
(3061, 'Funchal (se)', 300, 1),
(3062, 'Agua de Pena', 301, 1),
(3063, 'Caniçal', 301, 1),
(3064, 'Machico', 301, 1),
(3065, 'Porto da Cruz', 301, 1),
(3066, 'Santo Antonio da Serra', 301, 1),
(3067, 'Canhas', 302, 1),
(3068, 'Madalena do Mar', 302, 1),
(3069, 'Ponta do Sol', 302, 1),
(3070, 'Achadas da Cruz', 303, 1),
(3071, 'Porto Moniz', 303, 1),
(3072, 'Ribeira da Janela', 303, 1),
(3073, 'Seixal', 303, 1),
(3074, 'Porto Santo', 304, 1),
(3075, 'Campanario', 305, 1),
(3076, 'Ribeira Brava', 305, 1),
(3077, 'Serra de Agua', 305, 1),
(3078, 'Tabua', 305, 1),
(3079, 'Camacha', 306, 1),
(3080, 'Caniço', 306, 1),
(3081, 'Gaula', 306, 1),
(3082, 'Santa Cruz', 306, 1),
(3083, 'Santo Antonio da Serra', 306, 1),
(3084, 'Arco de S. Jorge', 307, 1),
(3085, 'Faial', 307, 1),
(3086, 'Santana', 307, 1),
(3087, 'S. Jorge', 307, 1),
(3088, 'S. Roque do Faial', 307, 1),
(3089, 'Ilha', 307, 1),
(3090, 'Boa Ventura', 308, 1),
(3091, 'Ponta Delgada', 308, 1),
(3092, 'S. Vicente', 308, 1);

--
-- Índices para tabelas despejadas
--

--
-- Índices para tabela `concelhos`
--
ALTER TABLE `concelhos`
  ADD PRIMARY KEY (`id_concelho`),
  ADD KEY `id_distrito` (`id_distrito`),
  ADD KEY `idx_concelhos_distrito_ativo` (`id_distrito`,`ativo`);

--
-- Índices para tabela `distritos`
--
ALTER TABLE `distritos`
  ADD PRIMARY KEY (`id_distrito`);

--
-- Índices para tabela `freguesias`
--
ALTER TABLE `freguesias`
  ADD PRIMARY KEY (`id_freguesia`),
  ADD KEY `id_concelho` (`id_concelho`),
  ADD KEY `idx_freguesias_concelho_ativo` (`id_concelho`,`ativo`);

--
-- AUTO_INCREMENT de tabelas despejadas
--

--
-- AUTO_INCREMENT de tabela `concelhos`
--
ALTER TABLE `concelhos`
  MODIFY `id_concelho` int(11) NOT NULL AUTO_INCREMENT, AUTO_INCREMENT=309;

--
-- AUTO_INCREMENT de tabela `distritos`
--
ALTER TABLE `distritos`
  MODIFY `id_distrito` int(11) NOT NULL AUTO_INCREMENT, AUTO_INCREMENT=23;

--
-- AUTO_INCREMENT de tabela `freguesias`
--
ALTER TABLE `freguesias`
  MODIFY `id_freguesia` int(11) NOT NULL AUTO_INCREMENT, AUTO_INCREMENT=3094;

--
-- Restrições para despejos de tabelas
--

--
-- Limitadores para a tabela `concelhos`
--
ALTER TABLE `concelhos`
  ADD CONSTRAINT `concelhos_ibfk_1` FOREIGN KEY (`id_distrito`) REFERENCES `distritos` (`id_distrito`);

--
-- Limitadores para a tabela `freguesias`
--
ALTER TABLE `freguesias`
  ADD CONSTRAINT `freguesias_ibfk_1` FOREIGN KEY (`id_concelho`) REFERENCES `concelhos` (`id_concelho`);
COMMIT;

/*!40101 SET CHARACTER_SET_CLIENT=@OLD_CHARACTER_SET_CLIENT */;
/*!40101 SET CHARACTER_SET_RESULTS=@OLD_CHARACTER_SET_RESULTS */;
/*!40101 SET COLLATION_CONNECTION=@OLD_COLLATION_CONNECTION */;
